ZONE,1,2,3,4,791,792,793,794,795,796,797,798,799,800,801,802,803,804,805,806,807,808,809,810,811,812,813,814,815,816,817,818,819,820,821,822,823,824,825,826,827,828,829,830,831,832,833,834,835,836,837,838,839,840,841,842,843,844,845,846,847,848,849,850,851,852,853,854,855,856,857,858,859,860,861,862,863,864,865,866,867,868,869,870,871,872,873,874,875,876,877,878,879,880,881,882,883,884,885,886,887,888,889,890,891,892,893,894,895,896,897,898,899,900
1,0,0,0,0,487.798,101.407,311.019,37.386,524.947,195.787,610.488,159.382,78.829,143.178,152.905,202.878,102.514,83.102,278.848,106.339,275.999,181.548,135.253,645.152,128.447,194.316,200.446,129.393,367.898,83.521,161.093,330.822,212.489,282.474,416.335,323.386,271.246,26.37,317.441,170.404,104.871,86.899,25.897,170.027,88.882,110.777,120.652,111.93,128.273,7.417,159.706,166.872,206.899,58.543,379.307,159.99,323.627,148.022,147.206,248.756,305.645,258.774,217.347,85.41,90.795,134.11,98.357,227.558,16.469,72.859,32.853,12.405,167.22,152.767,233.282,61.215,262.345,41.059,113.265,28.249,230.912,71.453,96.382,84.007,65.391,33.671,37.071,164.625,73.412,58.936,41.588,42.058,35.832,284.311,30.246,27.222,45.065,20.628,1.383,390.922,28.656,36.868,61.963,135.588,135.507,403.703,134.667,608.782,124.279,62.857,147.488,361.539,116.276,250.7
2,0,0,0,0,737.065,385.151,85.816,417.261,27.514,180.569,73.103,62.895,466.489,172.615,85.414,138.568,149.896,48.273,215.337,124.361,134.754,535.884,48.294,312.88,135.784,763.768,85.622,33.45,105.38,58.241,53.771,93.686,152.989,86.419,213.782,374.104,180.072,183.487,518.12,584.352,207.66,54.107,471.175,76.184,210.049,200.132,2.991,38.544,124.074,269.885,372.858,446.12,164.62,442.316,110.472,102.926,277.637,157.178,94.862,104.122,118.984,1.487,64.02,127.762,64.38,157.8,101.918,123.175,149.027,5.516,29.696,47.239,29.17,54.42,41.432,30.347,9.039,12.201,41.916,15.901,119.833,7.627,55.985,72.7,48.487,47.803,38.746,616.949,57.973,23.345,242.828,25.704,18.752,206.606,66.659,79.67,5.625,238.328,181.319,241.343,109.937,65.387,92.174,226.862,159.89,432.133,276.575,265.728,266.756,21.744,149.415,127.28,144.913,254.94
3,0,0,0,0,203.361,73.941,126.224,98.344,30.671,137.436,82.983,133.034,54.162,2.439,212.319,266.948,122.605,44.595,61.361,35.992,121.571,150.608,77.911,74.172,41.013,155.305,68.56,55.787,135.541,12.295,45.713,7.143,82.225,63.127,65.193,103.856,122.973,46.877,41.846,212.815,116.196,51.29,68.171,135.728,58.7,89.651,62.973,75.118,95.622,37.889,162.395,170.144,353.973,39.219,36.209,44.766,77.021,91.241,49.872,51.095,129.32,97.435,41.748,64.025,30.168,192.75,153.412,131.536,41.327,17.471,57.023,92.443,109.311,30.296,25.776,25.905,51.672,24.194,15.075,12.212,35.692,62.582,34.109,49.409,262.274,161.691,94.95,1759.844,11.553,228.818,541.095,4.327,68.224,804.686,11.488,193.538,76.997,448.671,179.787,819.771,328.833,123.869,48.226,1155.269,159.787,373.442,779.812,614.815,130.519,11.553,336.563,637.845,573.437,208.084
4,0,0,0,0,166.942,37.945,92.093,58.8,16.555,123.747,39.493,56.581,32.238,90.926,50.204,5.758,73.422,14.174,33.569,20.516,35.082,121.686,21.219,22,20.199,135.82,50.721,30.405,96.898,1.501,11.102,2.71,33.89,23.211,15.653,186.279,57.338,22.926,34.245,111.141,51.179,5.141,35.61,32.05,4.702,80.492,39.539,12.704,21.546,20.646,80.362,64.476,94.498,16.767,14.814,20.01,15.377,29.523,15.231,17.507,12.769,36.001,14.066,90.943,83.716,140.017,52.442,111.077,242.028,182.169,70.307,88.164,271.882,211.189,140.364,69.624,162.755,56.457,261.145,4.557,295.415,136.272,91.014,127.341,111.666,25.384,52.545,102.397,173.243,104.754,80.849,46.317,8.728,312.092,47.958,27.974,69.326,3.474,0.417,43.068,1.517,3.242,11.271,20.818,30.627,295.006,106.404,83.267,78.364,6.195,66.562,508.219,347.641,113.595
791,504,792.288,212.856,176.862,0,0,0,0,0,0,0,0,0,0,0,0,0,0,0,0,0,0,0,0,0,0,0.111,0,0,0,0,0,0.088,0.08,0.2,0.124,0,0,0,0,0.108,0,0,0.212,0.095,0,0.107,0.222,0.334,0,0,0,0,0,0,0,0,0,0,0,0,0,0,0,0,0,0,0,0,0,0,0,0,0,0,0,0,0,0,0,0,0,0,0,0,0,0,0,0,0,0,0,0,0,0,0,0.013,0,0,0,0,0,0,0,0,0,0,0,0,0,0,0,0,0
792,105.643,387.12,77.361,39.086,0,0,1.603,0.423,0.304,0.543,0.362,2.177,2.015,0.613,0.902,0.245,0.801,0.442,0.166,0.19,1.518,2.347,1.003,0.239,0.435,1.758,3.307,1.388,1.772,0.718,0.436,0.15,2.388,3.939,5.691,2.448,1.577,2.274,3.562,1.684,2.241,0.837,0.258,4.69,1.544,0.209,3.469,7.124,12.096,0.716,0.766,0.258,5.223,0.93,0.639,0.898,0.555,0.467,0.416,0.329,0.606,0.916,0.221,0.187,0.19,0.42,0.448,0.644,1.307,0.727,0.745,0.718,0.985,0.276,0.855,0.268,0.628,0.091,0.092,0,0.255,0.635,0.966,0.175,0.092,0.092,0.092,0.341,1.586,0.078,0.072,0.142,0.184,1.087,0.184,0.083,1.519,0.092,0,3.923,0.424,7.631,7.337,6.212,0.184,6.028,5.577,0.276,0.108,0.108,0.092,0.092,0.184,0.184
793,322.829,89.758,131.578,100.818,0,1.247,0,0.32,0.668,2.201,1.486,14.065,1.24,0.164,4.197,0.481,1.267,1.37,0.089,0.579,3.265,3.196,0.661,2.147,1.241,1.342,9.724,13.166,9.795,1.029,1.247,0.518,3.288,4.009,2.123,2.01,3.83,5.07,4.089,0.927,3.653,0.422,0.102,6.544,0.636,0.002,5.576,3.809,4.463,0.477,1.52,0.552,14.129,0.375,0.354,7.898,2.378,5.731,4.202,4.22,2.311,10.384,1.687,1.116,1.557,4.3,2.534,0.586,2.324,1.731,4.511,6.092,6.583,0.143,2.449,7.017,0.32,0.409,0.409,0.084,18.596,13.942,7.911,0.382,0.409,0.204,0.204,0.77,6.747,0.244,0.224,0.061,0.545,1.816,0.075,0.193,2.93,0.477,0.068,9.377,0.498,0.086,0.104,0.082,0.613,0.136,5.969,0.095,0.031,0.036,0.273,0.477,0.075,0.613
794,38.003,451.809,100.35,60.907,0,0.529,0.515,0,0.697,0.372,0.17,0.669,0.209,0.11,0.543,0.116,0.174,0.244,0.348,0.792,0.696,0.418,0.418,0.116,0.151,0.279,1.348,0.575,0.85,0.197,0.185,0.655,1.101,1.822,1.241,1.487,0.505,0.373,0.813,0.581,0.776,0.395,0.929,2.47,0.738,0.083,1.917,3.435,5.772,0.336,0.376,0.813,0.947,0.383,0.2,0.278,0.205,0.113,0.096,0.078,0.205,0.191,0.591,0.359,0.518,0.114,0.933,0.116,0.407,0.325,0.221,0.197,0.256,0,0.22,0.108,0.112,0,0,0,0,0.302,0.221,0.697,0,0,0,0.813,0.281,0,0,0,0,0.359,0,0,0.523,0,0,0.366,0.4,0.84,0.8,0.708,0,0.639,0.558,0,0,0,0,0,0,0
795,530.952,28.487,33.284,17.799,0,0.443,1.252,0.813,0,0.34,0.158,1.677,0.321,0.256,0.572,0.136,0.271,0.338,0.836,1.056,0.859,0.835,0.232,0.304,0.176,0.271,2.938,1.122,0.909,0.188,0.204,0.327,0.791,1.179,1.482,0.937,1.167,0.525,0.742,0.987,1.634,0.321,0.458,3.636,0.408,0.122,2.348,2.464,3.224,0.261,0.186,0.453,1.289,0.273,0.35,0.571,0.398,0.253,0.215,0.124,0.442,0.473,0.127,0.941,0.104,0.187,0.218,0.312,0.415,0.293,0.393,0.4,0.443,0.14,0.221,0.264,0.131,0,0,0,0.782,0.725,0.501,0.418,0,0,0,1.473,0.35,0,0,0,0,0.496,0,0,0.658,0,0,0.712,0.817,1.382,1.322,1.492,0,1.254,1.156,0,0,0,0,0,0,0
796,196.649,181.753,140.599,134.017,0,0.792,4.127,0.434,0.34,0,0.475,5.173,1.354,1.022,2.911,0.358,1.694,0.794,0.153,0.185,1.919,2.244,1.706,0.667,0.353,1.121,8.709,3.44,4.651,0.653,0.863,0.207,4.274,6.264,5.486,5.022,3.443,2.971,3.249,2.511,4.813,1.589,0.312,12.74,2.659,0.161,6.995,12.037,21.072,0.144,1.369,0.213,4.432,1.334,1.049,1.154,1.141,0.527,0.485,0.414,1.253,1.012,0.242,0.188,0.259,0.586,0.435,0.851,1.631,1.173,1.165,1.05,1.376,0.14,0.897,0.633,0.393,0,0,0,1.776,1.759,1.277,0.195,0,0,0,0.312,1.332,0,0,0.103,0.142,1.732,0.138,0,2.1,0.142,0,2.213,0.233,4.146,3.975,4.199,0.142,3.476,3.206,0.142,0.053,0.053,0,0.142,0.142,0.142
797,646.838,76.903,90.253,43.02,0,0.528,2.785,0.198,0.158,0.475,0,3.828,0.304,0.383,1.766,0.235,0.607,0.541,0.792,0.172,1.683,1.07,0.568,0.423,0.364,0.489,6.851,2.685,3.214,0.37,0.409,0.142,2.096,2.84,2.089,1.651,2.547,1.216,1.347,0.687,2.564,0.396,0.792,5.925,0.596,0.131,3.585,3.58,4.667,0.261,0.462,0.132,2.492,0.198,0.117,1.829,1.004,1.055,0.756,0.745,0.919,1.735,0.345,0.209,0.302,0.885,0.472,1.188,0.805,0.462,1.017,1.268,1.334,0.264,0.594,1.15,0.785,0.132,0.132,0,2.918,2.575,1.492,1.188,0,0,0,0.145,1.23,0,0,0.103,0.132,1.158,0.132,0,1.056,0.132,0,1.411,0.817,0,0,0.132,0.132,0,1.162,0.132,0.053,0.053,0,0.132,0.132,0.132
798,164.454,68.689,134.531,57.524,0,1.058,8.79,0.26,0.559,1.724,1.276,0,0.888,0.136,6.472,0.547,0.982,1.097,0.107,0.495,3.288,2.646,1.285,1.801,1.038,0.952,23.969,12.123,9.215,1.003,1.158,0.487,5.308,7.344,4.933,2.612,4.284,4.144,2.898,1.302,6.363,0.901,0.171,14.282,1.015,0.085,9.169,8.344,10.653,0.077,1.434,0.448,9.578,0.499,0.245,6.675,2.757,4.131,2.947,2.943,2.678,7.053,1.25,0.795,1.134,3.227,1.822,0.243,2.292,1.515,3.525,4.537,4.797,0.055,1.977,4.677,0.137,0.128,0.128,0.035,11.498,9.543,5.403,0.333,0.128,0.085,0.085,0.542,4.691,0.114,0.105,0.241,0.256,5.593,0.299,0.081,2.881,0.171,0.043,5.933,0.315,0.054,0.032,0.341,0.256,0.043,3.517,0.043,0.14,0.158,0.128,0.171,0.299,0.256
799,85.362,466.786,59.682,33.005,0,2.015,1.595,0.167,0.22,0.929,0.208,1.826,0,0.35,0.793,0.186,0.474,0.661,0.172,0.118,1.154,3.125,0.674,0.192,0.266,1.273,2.826,1.079,1.722,0.651,0.319,0.097,1.726,2.787,4.77,3.112,1.326,1.212,4.385,2.394,2.085,0.632,0.373,4.699,1.067,0.094,3.263,5.47,8.851,0.806,0.966,0.402,6.746,1.398,0.559,0.756,0.5,0.482,0.288,0.352,0.548,0.636,0.158,0.122,0.148,0.457,0.282,0.67,1.175,0.622,0.584,0.546,0.728,0.192,0.719,0.189,0.628,0.091,0.096,0,0.255,0.488,0.728,0.143,0.096,0.096,0.096,0.354,0.31,0.157,0.144,0.142,0.287,0.874,0.189,0.083,1.475,0.192,0,3.55,0.416,8.298,7.917,7.095,0.287,6.348,5.668,0.575,0.144,0.144,0.096,0.192,0.287,0.287
800,145.742,176.219,2.555,95.111,0,0.596,0.204,0.085,0.17,0.681,0.256,0.273,0.341,0,0.081,0.247,0.256,0.341,0.085,0.085,0.133,0.094,0.596,0.256,0.235,0.256,0.468,0.168,0.131,0.256,0.227,0.073,0.13,0.173,0.241,0.119,0.189,0.767,0.767,0.119,0.26,0.511,0.085,0.602,0.662,0.161,0.375,0.392,0.52,0,0.256,0.085,0.152,0.341,0.078,0.085,0.596,0.293,0.249,0.166,0.637,0.433,0.153,0.139,0.115,0.256,0.242,0,0.596,0.341,0.596,0.511,0.596,0,0.311,0.307,0,0,0,0,0.091,0.085,0.596,0.085,0,0,0,0.085,0.527,0,0,0,0,0.071,0,0,0.221,0,0,0.681,0.078,0.134,0.13,0.119,0,0,0.094,0,0,0,0,0,0,0
801,163.566,91.138,228.198,53.692,0,0.702,4.197,0.338,0.305,1.553,0.942,10.355,0.617,0.065,0,0.221,1.013,0.981,0.52,0.611,2.618,2.41,0.377,1.78,1.404,1.013,4.093,13.496,9.006,0.656,1.132,0.239,1.923,1.812,1.301,1.488,3.377,3.755,2.501,0.585,2.41,0.266,0.065,3.924,0.377,0.173,3.774,2.235,2.43,0.26,1.15,0.351,9.916,0.234,0.155,5.204,1.514,4.231,3.042,2.953,1.56,7.395,1.221,1.088,1.147,2.975,2.508,0.455,1.488,1.468,2.449,3.411,5.022,0.11,1.523,4.729,0.253,0.26,0.26,0.056,12.785,9.017,5.132,0.221,0.26,0.13,0.195,0.513,4.141,0.183,0.168,0.495,0.39,1.401,0.585,0.129,2.059,0.26,0,6.172,0.741,0.086,0.104,0.585,0.455,0.13,5.1,0.071,0.224,0.252,0.195,0.26,0.52,0.455
802,205.439,139.519,281.663,6.337,0,0.239,0.601,0.091,0.091,0.239,0.156,1.095,0.181,0.247,0.276,0,0.272,0.247,0.082,0.206,0.487,0.576,0.107,0.255,0.486,0.247,0.724,1.482,1.633,0.107,0.273,0.073,0.233,0.229,0.171,0.329,0.597,0.963,0.658,0.148,0.428,0.494,0.165,0.625,0.515,0.052,0.716,0.296,0.23,0.082,0.296,0.107,2.528,0.576,0.544,1.095,0.288,0.894,0.666,0.646,0.31,1.578,0.307,0.279,0.305,0.634,0.645,0.148,0.305,0.387,0.79,0.749,1.284,0.329,0.474,1.035,0.082,0.082,0.082,0.035,3.226,1.975,1.234,0.741,0.082,0.082,0.082,0.14,1.377,0.076,0.07,0.138,0.082,0.195,0.165,0.081,0.477,0.082,0,1.687,0.195,0,0,0.165,0.082,0,1.358,0.165,0.07,0.07,0.082,0.082,0.165,0.082
803,111.965,152.976,126.948,74.043,0,1.001,2.037,0.174,0.232,1.452,0.521,2.524,0.592,0.329,1.629,0.349,0,0.918,0.174,0.215,2.079,1.673,0.685,0.337,0.443,1.092,3.688,1.717,2.463,0.743,0.535,0.178,3.258,5.258,4.582,5.993,1.92,1.087,1.986,2.799,2.09,0.65,0.267,7.294,2.166,0.104,5.814,10.217,16.88,0.123,1.197,0.325,4.514,1.324,0.4,0.823,0.534,0.339,0.288,0.234,0.553,0.597,0.168,0.117,0.141,0.331,0.29,0.348,1.15,0.987,0.65,0.581,0.767,0.116,0.839,0.345,0.336,0,0,0,0.106,0.941,0.685,0.209,0,0,0,0.279,1.209,0,0,0.088,0.116,1.126,0.116,0,1.417,0.116,0,1.364,0.18,3.375,3.224,2.52,0.116,2.416,2.207,0.116,0.045,0.045,0,0.116,0.116,0.116
804,87.064,52.075,48.228,15.326,0,0.429,1.712,0.19,0.225,0.53,0.361,2.194,0.642,0.341,1.226,0.247,0.714,0,0.743,0.792,1.373,1.086,0.783,0.307,0.282,0.59,3.804,1.433,1.998,0.318,0.363,0.087,1.788,2.63,2.397,2.288,1.541,1.417,1.716,1.144,2.103,0.795,0.173,4.972,1.243,0.08,3.04,5.681,9.819,0.696,0.674,0.141,2.311,0.657,0.466,0.545,0.513,0.271,0.243,0.199,0.549,0.501,0.115,0.098,0.086,0.284,0.226,0.614,0.792,0.586,0.552,0.477,0.667,0.093,0.443,0.33,0.262,0,0,0,0.927,0.909,0.648,0.102,0,0,0,0.184,0.685,0,0,0.069,0.102,0.739,0.092,0,1.043,0.097,0,1.26,0.14,2.4,2.3,2.619,0.102,2.14,1.972,0.102,0.035,0.035,0,0.102,0.102,0.102
805,305.89,219.373,62.192,36.97,0,0.166,0.114,0.279,0.573,0.096,0.543,0.219,0.172,0.088,0.668,0.085,0.139,0.764,0,0.272,0.097,0.694,0.562,0.382,0.081,0.458,0.214,0.209,0.227,0.669,0.467,0.224,0.162,0.261,0.328,0.353,0.121,0.439,0.697,0.306,0.146,0.573,0.191,0.263,0.083,0.119,0.266,0.391,0.624,0.09,0.201,0.105,2.415,0.124,0.08,0.16,0.546,0.105,0.096,0.074,0.573,0.235,0.473,0.43,0.415,0.822,0.099,0.096,0.161,0.124,0.134,0.134,0.201,0,0.144,0.631,0.09,0,0,0,0,0.296,0.21,0.191,0,0,0,0.124,0.348,0,0,0,0,0.12,0,0,0.411,0,0,1.367,0.16,3.378,3.285,2.139,0,2.101,2.158,0,0,0,0,0,0,0
806,112.318,130.804,36.709,21.515,0,0.185,0.724,0.616,0.704,0.123,0.114,0.99,0.114,0.085,0.763,0.206,0.167,0.792,0.264,0,1.185,0.361,0.326,0.132,0.243,0.097,2.608,0.685,1.13,0.15,0.273,0.08,1.384,1.912,0.872,0.783,0.613,0.521,0.264,0.387,1.441,0.158,0.616,2.152,0.456,0,1.432,2.577,3.51,0.261,0.282,0.616,0.722,0.114,0.466,0.588,0.387,0.256,0.218,0.177,0.414,0.464,0.13,0.091,0.109,0.229,0.226,0.352,0.449,0.308,0.414,0.326,0.519,0.088,0.28,0.253,0.174,0,0,0,0.72,0.616,0.414,0.616,0,0,0,0.528,0.481,0,0,0.069,0,0.486,0,0,0.458,0,0,0.336,0.311,0,0,0,0,0,0.273,0.088,0,0,0,0,0,0
807,283.322,144.353,130.823,36.461,0,1.475,4.081,0.542,0.573,1.279,1.122,6.576,1.122,0.133,3.273,0.487,1.617,1.373,0.094,1.185,0,3.445,0.863,2.033,2.891,1.53,7.385,10.095,15.626,0.746,1.771,0.64,5.267,5.63,4.046,2.982,5.768,6.231,4.136,1.358,5.721,0.746,0.173,9.943,1.295,0.104,8.68,7.11,8.633,0.078,2.19,0.706,15.682,0.487,0.241,7.353,2.449,5.948,4.506,4.127,2.684,11.025,2.277,1.883,2.084,4.128,4.544,0.722,2.237,2.778,5.533,4.583,8.75,0.157,3.34,6.54,0.361,0.314,0.471,0.105,19.604,12.07,6.961,0.518,0.314,0.235,0.235,0.832,8.997,0.305,0.21,0.069,0.549,2.523,0.078,0.235,3.194,0.471,0.078,9.786,1.198,0.107,0.13,0.078,0.549,0.157,7.777,0.086,0.315,0.315,0.235,0.314,0.628,0.549
808,189.642,542.167,163.923,130.163,0,2.347,4.109,0.335,0.572,1.539,0.733,5.444,3.125,0.096,3.099,0.593,1.338,1.117,0.694,0.371,3.544,0,3.248,0.582,0.766,1.924,10.848,3.43,4.55,1.314,0.841,0.322,6.982,12.219,19.385,12.48,4.407,4.039,4.335,14.037,6.541,2.824,1.417,15.165,4.298,0.145,10.981,17.468,36.671,0.331,3.702,0.966,12.14,5.142,0.112,1.886,1.455,0.655,0.563,0.392,1.58,1.076,0.347,0.222,0.272,0.594,0.539,0.657,3.115,1.567,1.276,1.06,1.37,0.188,1.582,0.26,0.628,0.091,0.094,0,0.255,1.651,1.164,0.347,0.094,0.094,0.094,0.76,0.31,0.157,0.144,0.142,0.281,2.395,0.188,0.083,3.218,0.188,0,2.733,0.312,6.595,6.284,5.189,0.281,4.832,4.373,0.563,0.144,0.108,0.094,0.188,0.281,0.188
809,144.481,51.078,78.396,22.832,0,0.975,0.826,0.325,0.155,1.138,0.379,2.569,0.655,0.596,0.471,0.107,0.533,0.783,0.546,0.326,0.863,3.158,0,0.655,0.854,0.892,0.988,3.041,1.867,0.582,0.477,0.262,0.582,0.841,0.833,0.865,1.14,1.963,2.184,0.628,0.804,0.237,0.637,1.031,0.191,0.073,1.549,1.237,0.988,0.174,1.152,0.41,9.116,0.191,0.078,1.902,0.486,1.494,1.388,0.822,0.613,3.372,0.644,0.565,0.61,0.951,1.33,0.282,1.511,1.565,1.492,1.92,2.257,0.109,1.686,2.055,0.244,0.265,0.273,0.07,7.21,4.404,3.158,0.282,0.273,0.182,0.182,0.455,4.807,0.153,0.14,0.482,0.364,0.311,0.637,0.161,1.201,0.273,0.087,6.514,0.646,0.054,0.065,0.637,0.364,0.091,4.896,0.637,0.21,0.14,0.182,0.273,0.364,0.273
810,649.039,328.536,77.476,24.124,0,0.233,2.683,0.09,0.202,0.445,0.282,3.602,0.186,0.256,2.225,0.255,0.262,0.307,0.371,0.132,2.033,0.566,0.655,0,0.345,0.266,8.215,3.328,3.452,0.357,0.666,0.087,2.74,2.722,2.887,1.298,2.744,1.144,0.659,0.563,3.678,0.632,0.122,5.615,0.809,0,5.055,5.897,6.352,0.522,0.55,0.121,1.907,0.293,0.148,1.799,1.291,0.711,0.915,0.839,1.066,2.048,0.429,0.349,0.363,1.146,0.798,0.208,0.82,0.698,1.656,1.897,2.021,0.642,0.482,1.127,0.698,0.088,0.108,0,2.757,2.436,1.812,0.139,0.135,0,0.098,0.189,1.181,0.076,0.07,0.069,0.108,1.803,0.092,0,1.238,0.097,0,0.958,0.109,0,0,0.207,0.102,0,0.1,0.214,0.035,0.035,0.135,0.107,0.104,0.107
811,142.092,138.59,42.149,21.944,0,0.423,1.551,0.118,0.118,0.235,0.243,2.076,0.259,0.235,1.755,0.486,0.345,0.282,0.078,0.243,2.891,0.744,0.854,0.345,0,0.219,6.126,1.895,3.424,0.337,0.931,0.109,2.26,6.862,2.708,1.818,1.724,0.736,0.525,0.948,3.76,0.431,0.141,7.004,1.265,0.147,4.168,6.228,8.774,0.705,0.705,0.141,1.524,0.243,0.101,1.379,0.893,0.623,0.535,0.425,1.042,1.138,0.33,0.237,0.271,0.517,0.548,0.078,1.089,0.744,0.964,0.666,1.206,0.157,0.761,0.583,0.47,0.078,0.078,0,1.567,1.324,0.791,0.149,0,0,0,0.102,1.189,0,0,0.069,0.078,1.492,0.078,0,0.971,0.078,0,0.666,0.078,0,0,0.078,0.078,0,0.517,0.078,0.035,0.035,0,0,0.078,0.078
812,210.887,780.954,161.289,146.679,0,2.197,2.157,0.279,0.232,0.961,0.419,2.447,1.592,0.329,1.629,0.317,1.092,0.758,0.573,0.125,1.968,2.404,1.147,0.342,0.282,0,5.627,1.798,2.418,0.954,0.457,0.112,3.205,4.98,5.963,10.758,2.547,2.118,5.196,6.993,4.126,1.235,1.284,9.987,3.916,0,7.527,12.074,17.738,0.291,3.134,0.758,8.674,2.677,0.599,0.856,0.773,0.273,0.24,0.177,0.972,0.445,0.148,0.099,0.126,0.286,0.228,0.367,2.18,1.029,0.698,0.269,0.709,0.12,1.019,0.118,0.336,0,0,0,0.213,0.403,0.281,0.287,0.122,0.122,0.122,0.575,0.193,0.098,0.09,0.088,0.245,1.192,0.118,0.104,1.932,0.122,0,1.464,0.18,3.189,3.04,2.849,0.245,5.868,2.47,0.367,0.09,0.09,0.122,0.122,0.245,0.122
813,211.247,91.663,71.415,56.118,0.035,1.286,4.855,0.419,0.783,2.323,1.827,19.175,1.099,0.187,2.046,0.29,1.147,1.522,0.083,1.043,2.948,4.219,0.395,3.286,2.451,1.751,0,21.93,13.375,1.05,1.793,0.663,2.844,3.566,1.391,1.518,7.374,6.392,4.804,0.943,5.429,0.305,0.09,5.884,0.38,0.17,6.765,3.511,2.402,0.042,1.941,0.731,18.509,0.406,0.687,9.754,3.966,13.247,10.025,8.982,2.665,24.466,3.941,5.802,3.722,11.023,8.093,1.255,3.657,3.647,16.902,21.36,16.164,5.81,3.67,16.876,0.558,0.062,0.066,0.015,36.172,33.701,13.907,0.562,0.052,0.312,0.038,1.321,10.34,0.043,0.036,0.088,0.073,3.748,0.111,0.29,4.825,0.059,0.069,12.559,0.66,0.171,0.181,0.118,0.08,0.243,0.045,0.139,0.043,0.048,0.042,0.066,0.101,0.08
814,134.783,36.886,56.864,31.184,0,0.54,6.583,0.179,0.299,0.917,0.716,9.698,0.419,0.067,6.748,0.593,0.534,0.573,0.081,0.274,4.035,1.334,1.216,1.331,0.758,0.559,21.93,0,14.312,0.663,1.348,0.204,5.594,5.487,6.102,2.226,9.589,2.394,1.365,0.996,7.341,1.015,0.151,10.618,1.781,0.075,10.21,10.862,11.804,0.098,0.822,0.24,5.585,0.473,0.252,3.166,2.578,3.073,2.621,2.447,1.916,5.959,1.071,0.962,1.016,2.467,1.913,0.347,1.692,1.264,3.191,3.683,3.988,0.062,1.205,3.079,0.14,0.168,0.168,0.042,7.167,5.266,2.85,0.204,0.112,0.084,0.084,0.282,2.402,0.112,0.112,0.028,0.196,4.952,0.028,0.084,2.299,0.168,0,2.542,0.319,0.043,0.052,0.031,0.224,0.056,2.089,0.034,0.014,0.015,0.084,0.168,0.252,0.224
815,379.929,113.124,138.373,104.767,0,2.239,15.916,0.86,0.788,4.031,2.786,23.959,2.176,0.17,14.635,2.123,2.49,2.597,0.287,1.469,20.314,5.75,2.427,4.487,4.452,2.445,43.467,46.513,0,2.436,7.165,1.173,24.789,23.889,18.747,8.464,28.5,11.483,6.628,3.332,22.141,3.207,0.654,41.174,5.911,0.155,18.29,33.866,37.726,0.313,4.523,0.896,26.978,1.594,0.94,12.28,7.846,13.032,11.052,10.536,5.777,25.819,4.254,3.977,4.222,9.861,7.855,1.29,5.571,5.455,11.93,14.286,15.782,0.287,6.395,13.184,0.654,0.717,0.717,0.182,31.42,23.512,12.074,1.075,0.627,0.358,0.537,1.335,14.707,0.627,0.537,0.125,0.09,15.546,0.125,0.358,7.989,0.717,0.179,13.552,1.684,0.209,0.253,0.134,0.09,0.179,11.044,0.152,0.059,0.059,0.537,0.717,0.099,0.09
816,92.799,62.025,13.362,1.516,0,0.768,1.415,0.169,0.138,0.479,0.271,2.207,0.696,0.281,0.902,0.118,0.636,0.35,0.715,0.165,0.82,1.405,0.641,0.392,0.371,0.816,2.888,1.823,2.061,0,0.25,0.136,1.356,2.375,3.287,2.242,1.453,1.249,2.418,0.776,1.76,0.435,0.127,4.218,0.809,0.037,3.362,2.996,3.651,0.574,0.819,0.223,3.647,0.308,0.513,0.951,0.486,0.411,0.363,0.316,0.56,0.844,0.253,0.199,0.228,0.43,0.488,0.424,1.247,0.973,0.762,0.818,1.038,0.205,0.966,0.675,0.384,0,0,0,2.094,1.644,1.164,0.194,0.106,0,0,0.18,2.11,0,0,0.076,0.106,0.763,0.101,0,0.912,0.106,0,1.965,0.214,0,0,0.106,0.106,0,1.601,0.106,0.039,0.039,0,0,0.106,0.106
817,171.849,57.311,48.038,11.915,0,0.424,1.559,0.144,0.136,0.575,0.273,2.316,0.31,0.227,1.416,0.273,0.416,0.363,0.454,0.273,1.771,0.818,0.477,0.666,0.931,0.356,4.481,3.37,5.512,0.227,0,0.233,3.007,4.554,1.847,1.416,2.672,1.643,0.976,0.643,2.68,0.31,0.106,7.971,0.978,0.063,3.808,5.231,6.555,0.53,0.727,0.182,3.482,0.242,0.083,2.135,0.734,1.509,1.295,1.098,0.863,2.951,0.628,0.537,0.547,1.128,1.173,0.235,1.143,0.916,1.718,1.582,2.528,0.53,1.014,1.491,0.106,0.076,0.076,0.035,4.406,2.831,2.331,0.174,0.076,0.076,0.076,0.189,2.287,0.076,0.07,0.206,0.151,1.751,0.151,0.076,1.151,0.076,0,1.862,0.235,0.054,0,0.227,0.151,0,0.076,0.227,0.07,0.07,0.076,0.076,0.151,0.076
818,335.226,103.09,7.331,2.88,0,0.156,0.693,0.545,0.233,0.148,0.101,1.043,0.101,0.078,0.319,0.078,0.148,0.093,0.233,0.086,0.685,0.335,0.28,0.093,0.117,0.093,1.774,0.546,0.966,0.132,0.249,0,0.821,3.952,1.253,0.335,0.521,0.428,0.249,0.311,1.082,0.195,0.545,1.806,0.249,0.125,1.253,1.479,1.697,0.233,0.304,0.7,1.067,0.117,0.311,0.483,0.28,0.257,0.226,0.177,0.335,0.483,0.132,0.097,0.117,0.187,0.202,0.156,0.444,0.327,0.342,0.272,0.451,0.078,0.366,0.241,0.156,0,0,0,0.646,0.521,0.319,0.7,0,0,0,0.467,0.662,0,0,0,0,0.638,0,0,0.366,0,0,0.342,0.467,0,0,0,0,0,0.568,0,0,0,0,0,0,0
819,234.871,163.731,86.435,35.808,0.073,2.484,4.405,0.916,0.564,3.049,1.495,11.36,1.796,0.139,2.58,0.249,2.712,1.913,0.169,1.48,5.636,7.263,0.623,2.931,2.418,2.668,7.622,14.965,20.403,1.334,3.217,0.821,0,8.62,3.73,3.98,5.775,6.545,6.537,1.832,6.01,0.726,0.213,9.395,1.422,0.1,8.714,6.105,8.391,0.088,3.767,1.239,24.94,0.564,0.293,10.612,2.265,9.864,9.736,7.893,3.027,23.515,3.914,3.965,3.875,6.2,7.93,1.239,4.998,4.984,9.835,9.85,16.284,0.293,6.098,10.986,0.652,0.66,0.66,0.225,34.167,19.231,15.911,0.872,0.586,0.293,0.44,1.37,17.596,0.513,0.44,0.125,0.073,4.059,0.125,0.293,4.69,0.586,0.147,19.319,2.118,0.172,0.208,0.11,0.073,0.147,13.837,0.125,0.045,0.045,0.293,0.513,0.081,0.66
820,288.801,93.034,63.932,25.534,0.066,4.098,5.362,1.516,0.841,4.469,2.026,15.716,2.9,0.185,2.423,0.245,4.376,2.814,0.271,2.046,6.024,12.711,0.9,2.913,7.342,4.144,9.546,14.677,19.669,2.31,4.879,3.952,8.633,0,3.668,5.753,6.468,12.83,10.831,2.933,5.038,0.596,0.278,7.435,1.787,0.137,12.731,9.626,7.11,0.126,6.309,2.125,58.205,1.046,0.675,14.174,3.522,12.142,13.207,10.898,4.614,32.068,5.303,5.223,6.038,8.11,10.559,0.973,8.454,8.381,12.367,10.056,20.119,0.305,11.182,14.803,0.702,0.073,0.073,0.262,46.871,26.388,15.769,1.516,0.073,0.463,0.53,2.046,32.684,0.596,0.53,0.159,0.093,5.535,0.152,0.397,6.508,0.066,0.265,33.776,3.727,0.229,0.199,0.139,0.086,0.199,23.614,0.132,0.064,0.056,0.397,0.596,0.086,0.073
821,419.509,228.581,65.677,16.118,0.171,6.086,2.919,1.061,1.087,4.023,1.532,10.853,5.101,0.265,1.789,0.188,3.92,2.636,0.351,0.959,4.451,20.731,0.916,3.176,2.979,5.101,3.826,16.78,15.862,3.287,2.032,1.288,3.835,3.77,0,5.666,5.855,21.613,17.547,3.8,3.39,0.317,0.334,3.116,1.44,0.173,9.219,8.534,6.839,0.128,7.361,2.893,75.548,1.19,0.402,9.356,2.131,6.148,5.669,5.049,3.039,14.224,3.55,3.222,3.37,5.29,7.267,0.865,10.948,5.803,8.114,9.475,11.761,0.368,14.228,11.773,0.839,0.086,0.094,0.27,0.308,21.621,15.63,1.866,0.146,0.77,0.094,3.552,41.103,0.101,0.085,0.28,0.171,1.962,0.291,0.685,6.18,0.12,0.342,41.325,5.624,0.354,0.285,0.24,0.146,0.257,68.835,0.223,0.081,0.073,0.599,0.094,0.146,0.12
822,344.693,389.262,113.135,187.792,0.136,3.366,3.554,1.635,0.884,4.735,1.556,7.388,4.279,0.169,2.63,0.477,6.592,3.236,0.486,1.108,4.218,17.159,1.223,1.835,2.571,11.834,5.368,7.871,9.208,2.882,2.002,0.442,5.26,7.595,7.285,0,4.103,7.618,21.333,6.661,3.306,1.196,0.585,8.7,2.768,0.23,9.846,12.78,19.586,0.209,5.077,2.515,59.6,3.005,0.187,4.464,1.376,3.294,3.028,2.481,1.497,7.289,1.388,1.253,1.246,2.764,2.907,0.761,4.131,5.306,4.566,4.976,7.174,0.29,5.098,4.727,0.642,0.75,0.952,0.149,0.269,10.741,7.875,0.985,1.088,1.088,0.952,3.385,13.81,0.971,0.791,0.175,0.204,2.605,0.221,0.798,9.069,0.163,0.37,32.984,3.819,85.048,81.191,66.703,0.19,65.14,58.709,0.313,0.094,0.089,0.952,0.136,0.204,0.177
823,282.286,182.124,134.288,62.844,0,1.533,4.788,0.393,0.778,2.296,1.698,8.569,1.289,0.189,4.214,0.597,1.494,1.541,0.118,0.613,5.768,4.284,1.14,2.744,1.724,1.981,18.435,23.973,21.923,1.321,2.672,0.487,5.397,6.039,5.322,2.901,0,7.075,4.858,1.352,7.751,0.951,0.181,14.182,1.501,0.062,13.333,11.234,10.613,0.11,2.626,0.747,20.659,0.66,0.994,12.547,5.393,8.204,9.665,5.457,4.457,23.561,4.056,3.752,3.541,9.308,8.294,1.989,3.553,4.245,12.162,14.536,17.311,6.541,5.096,13.516,0.763,0.079,0.086,0.245,35.101,29.567,16.753,0.802,0.708,0.314,0.55,1.148,13.579,0.61,0.489,0.131,0.086,5.344,0.149,0.472,5.133,0.708,0.079,12.688,1.564,0.161,0.194,0.142,0.094,0.236,0.55,0.157,0.053,0.06,0.472,0.708,0.11,0.086
824,26.568,184.829,48.697,25.005,0,1.137,3.259,0.149,0.18,1.018,0.417,4.263,0.606,0.394,2.414,0.495,0.435,0.729,0.219,0.268,3.205,2.019,1.01,0.588,0.379,0.847,8.218,3.078,4.543,0.584,0.845,0.206,3.146,6.163,10.105,2.77,3.639,0,2.476,2.546,5.313,1.716,0.452,13.994,4.869,0,10.454,11.471,22.819,0.228,1.949,0.299,7.144,1.44,0.104,1.62,1.194,0.539,0.464,0.417,1.383,1.037,0.244,0.19,0.284,0.584,0.444,0.083,3.148,1.839,1.141,1.04,1.308,0.351,1.934,0.678,0.079,0.088,0.088,0.018,0.298,1.738,1.247,0.439,0.132,0.132,0.088,0.421,2.836,0.118,0.108,0.248,0.263,2.118,0.263,0.083,1.87,0.176,0.044,2.199,0.244,0.028,0.033,0.351,0.176,0.044,3.486,0.307,0.108,0.072,0.088,0.088,0.176,0.132
825,331.683,535.355,41.856,35.861,0,4.452,6.571,0.813,0.636,2.785,1.154,7.452,5.482,0.986,4.02,0.846,1.986,2.206,0.871,0.34,5.317,5.419,2.808,0.848,0.675,5.196,15.443,4.387,6.555,2.826,1.255,0.299,7.855,13.014,20.509,19.393,6.246,6.19,0,24.113,11.16,4.151,1.957,27.13,11.331,0.125,18.48,30.118,44.791,0.884,8.718,1.184,24.24,6.02,0.15,2.335,2.115,0.725,0.664,0.489,2.62,1.217,0.424,0.269,0.326,0.777,0.632,0.137,5.912,2.717,1.889,1.581,1.937,0.479,2.767,0.335,0.112,0.114,0.125,0.045,0.426,1.106,1.63,0.752,0.374,0.374,0.374,1.645,0.774,0.294,0.27,0.265,0.873,3.66,0.355,0.207,5.198,0.499,0,4.371,0.47,9.897,9.438,8.214,0.748,17.986,8.601,0.997,0.315,0.27,0.249,0.374,0.748,0.499
826,179.398,585.995,231.96,120.43,0,2.316,1.638,0.639,0.93,2.367,0.647,3.682,3.291,0.169,1.034,0.21,3.079,1.618,0.42,0.548,1.92,19.301,0.888,0.796,1.341,7.692,3.334,3.52,3.625,0.998,0.91,0.411,2.422,3.876,4.875,6.661,1.912,7.002,26.524,0,1.742,0.823,0.769,3.475,1.644,0.007,3.415,5.54,7.292,0.172,5.014,1.214,31.904,2.967,0.11,2.409,0.825,1.917,1.276,1.451,0.754,3.08,0.596,0.533,0.611,1.458,1.231,0.539,2.698,1.87,1.919,2.104,3.007,0.197,2.263,0.965,0.444,0.5,0.539,0.099,0.199,2.225,3.317,0.604,0.148,0.175,0.162,3.56,0.298,0.151,0.129,0.127,0.351,1.889,0.169,0.125,7.336,0.243,0.247,36.486,3.291,73.381,70.26,71.468,0.27,126.066,60.842,0.391,0.119,0.094,1.079,0.162,0.243,0.189
827,112.123,215.509,123.702,56.275,0.084,2.178,4.566,0.603,1.089,3.209,1.709,12.726,2.027,0.26,3.013,0.428,1.625,2.103,0.142,1.441,5.721,6.359,0.804,3.678,3.76,3.209,13.572,18.345,17.032,1.6,2.672,1.011,5.603,4.708,3.074,2.337,7.751,10.33,8.68,1.223,0,0.729,0.176,12.987,1.126,0.01,15.198,11.771,10.439,0.142,5.102,1.734,37.894,0.796,0.52,17.862,4.088,14.614,8.838,12.541,6.892,36.337,4.861,3.857,5.01,13.656,9.431,4.734,8.722,8.604,21.808,22.051,33.16,13.841,9.936,20.631,1.491,0.151,0.151,0.039,64.272,32.901,36.176,1.525,0.126,0.67,0.092,2.262,27.226,0.092,0.077,0.227,0.159,4.189,0.268,0.645,7.281,0.117,0.251,26.91,3.081,0.321,0.389,0.235,0.151,0.335,0.084,0.243,0.081,0.081,0.754,0.109,0.168,0.142
828,95.547,55.98,56.339,5.643,0,0.896,0.581,0.338,0.236,1.165,0.291,1.981,0.676,0.562,0.366,0.543,0.556,0.875,0.613,0.174,0.82,3.02,0.26,0.696,0.474,1.056,0.839,2.792,2.713,0.435,0.341,0.2,0.746,0.613,0.317,0.931,1.046,3.671,3.551,0.64,0.802,0,0.112,1.179,0.356,0.192,1.915,0.847,0.496,0.574,1.511,0.643,13.341,0.289,0.684,1.76,0.438,1.039,1.383,0.904,0.613,3.362,0.641,0.583,0.608,1.007,1.348,0.37,2.574,1.751,1.688,2.045,2.465,0.143,2.666,2.066,0.317,0.292,0.337,0.077,0.109,4.764,3.367,0.337,0.673,0.32,0.323,0.897,4.121,0.336,0.231,0.098,0.785,0.328,0.121,0.177,1.298,0.427,0.096,8.314,1.01,0.059,0.071,1.01,0.673,0.109,0.22,0.897,0.27,0.231,0.224,0.337,0.673,0.449
829,27.607,489.818,75.072,38.822,0,0.387,0.197,1.115,0.471,0.321,0.815,0.527,0.56,0.131,0.125,0.254,0.321,0.267,0.287,0.951,0.266,2.125,0.983,0.188,0.218,1.54,0.374,0.582,0.776,0.178,0.164,0.786,0.306,0.401,0.468,0.638,0.279,1.356,2.348,0.824,0.271,0.157,0,0.445,0.454,0,0.745,0.974,1.003,0.94,0.93,0.497,6.219,0.67,0.24,0.494,0.15,0.384,0.384,0.289,0.16,0.916,0.166,0.151,0.16,0.315,0.361,0.235,0.753,0.776,0.563,0.603,0.868,1.005,0.779,0.284,0.202,0.136,0.314,0.054,0.894,1.372,0.986,0.215,0.627,0.897,0.603,0.659,2.263,0.706,0.431,14.333,0.157,0.21,7.204,0.373,1.549,1.047,0.135,7.015,0.636,14.463,13.784,0.188,0.941,0.154,13.346,1.412,0.432,0.324,0.314,0.471,0.941,0.627
830,171.071,76.863,138.549,33.989,0.082,2.28,4.09,0.961,1.212,4.247,1.975,14.282,2.284,0.301,2.452,0.313,2.837,2.486,0.128,1.08,4.972,7.372,0.515,2.808,3.502,3.884,7.359,13.276,15.836,1.917,3.985,0.844,4.39,3.474,1.412,3.076,7.099,13.606,10.55,1.229,6.498,0.536,0.144,0,0.633,0.147,10.237,3.072,5.475,0.14,6.902,2.507,60.449,0.697,0.466,17.04,3.092,14.687,15.457,12.761,5.555,38.215,4.569,3.672,4.837,13.395,8.987,3.797,10.707,5.393,21.126,21.258,33.164,0.845,13.148,21.026,1.884,0.181,0.177,0.042,66.77,33.325,35.572,1.876,0.148,0.087,0.103,3.34,38.04,0.111,0.091,0.289,0.186,2.831,0.317,0.077,7.335,0.14,0.371,37.419,4.326,0.032,0.036,0.272,0.165,0.371,0.082,0.256,0.088,0.081,0.07,0.115,0.169,0.136
831,90.854,217.746,61.644,4.886,0.057,1.158,0.613,0.443,0.21,1.368,0.306,1.566,0.8,0.511,0.363,0.397,1.3,0.959,0.062,0.352,0.999,3.224,0.148,0.624,0.976,2.35,0.732,3.436,3.508,0.568,0.755,0.18,1.025,1.289,1.01,1.51,1.158,7.304,6.799,0.908,0.868,0.25,0.227,0.976,0,0.207,2.679,2.457,2.446,0.397,3.127,0.868,34.175,0.511,0.068,1.748,0.363,1.74,1.748,1.405,0.732,4.324,0.664,0.716,0.6,1.317,1.493,0.346,3.133,1.708,2.06,2.321,3.263,0.148,4.046,2.906,0.335,0.397,0.397,0.081,0.125,5.187,3.791,0.516,0.074,0.062,0.057,1.657,12.026,0.062,0.059,74.226,0.125,0.755,31.373,0.511,2.928,0.079,0.17,15.141,2.054,0.165,0.2,0.159,0.079,0.17,27.099,0.119,0.049,0.038,0.341,0.511,0.074,0.062
832,115.541,209.061,89.996,82.179,0,0.209,0.012,0,0.021,0,0.117,0.163,0,0.015,0,0.166,0,0.187,0,0.065,0.181,0.174,4.438,0.004,0.106,3.792,0.226,0.148,0.009,0.211,0.02,0.078,0.184,0.032,0.146,0.148,0.108,0.127,0.203,0.098,0.163,3.283,0.185,0.176,0.036,0,0.029,0.227,0,0.011,0.207,0.126,0.173,0,0.098,0.034,0.015,0,0.173,0.075,0.166,0,0.15,0.008,0.069,0.153,0.05,0.047,0.187,0.163,0.004,0,0.108,0.074,0,0.065,0.22,0.044,0.188,0,0.023,0.182,0.002,0.008,0,0.197,0.116,0.087,0,0.166,0.138,0.076,0.174,0.033,0.082,0.205,0.093,0.189,0.039,0.065,0.067,0,0.154,0,0.081,0,0.121,0,0.021,0.038,0,0.001,0.221,0
833,123.941,2.991,65.265,40.116,0.033,1.349,2.788,0.596,0.626,1.865,0.956,7.335,1.269,0.15,1.887,0.286,1.809,1.216,0.103,0.573,3.472,4.27,0.62,2.022,1.667,2.342,6.769,10.21,5.628,1.222,1.523,0.468,3.255,4.759,3.349,2.785,5.333,8.131,5.749,0.966,6.082,0.7,0.193,8.193,1.389,0.078,0,12.628,10.193,0.147,4.434,1.589,36.429,0.766,0.373,8.044,2.335,5.933,7.244,5.045,2.811,17.448,3.251,3.004,2.861,5.593,6.945,1.149,7.588,4.32,8.821,9.054,14.87,0.44,8.054,9.148,0.976,0.093,0.093,0.021,30.483,17.388,14.51,1.193,0.093,0.05,0.063,2.039,21.257,0.061,0.053,0.182,0.11,2.83,0.197,0.042,4.217,0.077,0.233,21.189,2.664,0.171,0.207,0.153,0.087,0.2,0.043,0.137,0.046,0.041,0.037,0.06,0.087,0.073
834,115.545,39.488,81.554,13.404,0.052,2.078,1.428,0.802,0.493,7.349,0.716,5.009,1.595,0.118,0.838,0.089,2.384,1.704,0.114,0.773,2.133,5.095,0.374,1.769,1.868,2.817,2.636,8.146,7.815,0.817,1.569,0.415,1.712,2.695,2.327,2.711,3.37,6.691,7.027,1.175,3.534,0.231,0.189,1.843,0.956,0,9.471,0,3.206,0.044,4.563,1.136,52.34,0.776,0.259,6.299,1.556,4.861,5.87,4.313,2.474,14.613,2.887,2.444,2.678,4.701,6.043,0.962,5.25,8.921,7.476,6.304,12.332,0.446,7.106,8.275,0.994,0.096,0.093,0.022,0.291,16.561,10.109,1.494,0.179,0.091,0.114,3.048,21.677,0.096,0.084,0.359,0.179,1.447,0.376,0.068,3.697,0.119,0.031,27.621,3.327,0.024,0.027,0.233,0.125,0.026,0.06,0.187,0.062,0.049,0.047,0.08,0.114,0.093
835,134.93,127.425,97.925,22.306,0.134,6.048,2.869,2.309,1.105,7.225,1.6,10.957,4.426,0.267,1.566,0.119,6.752,5.05,0.312,1.805,4.44,18.335,0.508,3.267,4.513,7.095,3.093,15.18,14.925,1.707,3.371,0.815,4.033,3.417,3.197,7.122,5.462,22.819,17.916,2.652,5.373,0.232,0.334,5.64,1.631,0.028,13.148,5.497,0,0.062,10.331,2.665,131.214,1.711,0.423,8.641,2.491,8.261,11.158,6.563,4.547,27.098,5.13,4.573,4.862,7.777,10.695,1.448,18.375,13.223,11.329,14.65,17.177,0.642,11.33,16.528,1.44,0.147,0.147,0.034,0.473,33.489,24.067,2.211,0.245,0.178,0.152,7.617,33.946,0.165,0.144,0.464,0.352,2.678,0.517,0.133,7.777,0.241,0.08,76.771,8.496,0.05,0.05,0.459,0.25,0.049,0.116,0.37,0.122,0.099,0.094,0.156,0.227,0.187
836,7.588,292.271,39.121,21.024,0,0.537,0.46,0.201,0.134,0.074,0.134,0.119,0.604,0,0.251,0.063,0.074,0.537,0.067,0.201,0.061,0.248,0.134,0.403,0.544,0.175,0.08,0.189,0.186,0.403,0.409,0.168,0.063,0.091,0.09,0.114,0.085,0.342,0.53,0.094,0.11,0.403,0.47,0.216,0.397,0.175,0.283,0.113,0.094,0,0.269,0.094,1.521,0.074,0.06,0.133,0.47,0.113,0.106,0.094,0.068,0.258,0.065,0.43,0.058,0.101,0.137,0.074,0.289,0.208,0.168,0.195,0.248,0.269,0.3,0.207,0.074,0.067,0.067,0.027,0.192,0.436,0.309,0.081,0.134,0.134,0.134,0.134,0.464,0.118,0.108,4.889,0.269,0.06,2.417,0.062,0.309,0.134,0,1.145,0.138,0.041,0.05,0.269,0.134,0,2.256,0.201,0.081,0.054,0.067,0.067,0.134,0.067
837,170.584,385.614,163.755,84.526,0,0.766,1.954,0.301,0.128,0.939,0.317,2.95,0.966,0.263,1.478,0.305,0.957,0.693,0.201,0.29,2.252,3.702,1.185,0.565,0.725,2.507,4.992,2.114,3.579,0.766,0.747,0.292,3.621,6.065,6.883,3.692,2.701,3.898,6.975,3.647,5.248,1.413,0.62,14.198,4.169,0.135,11.401,15.645,20.653,0.358,0,1.076,19.682,1.395,0.088,1.797,0.873,1.04,1.063,0.857,1.58,2.444,0.465,0.409,0.563,1.103,0.937,0.429,5.033,1.969,1.969,1.96,2.626,0.191,3.652,1.664,0.413,0.364,0.547,0.108,0.153,3.838,2.781,0.666,0.109,0.164,0.119,0.884,7.374,0.11,0.093,34.4,0.264,1.994,18.207,0.091,3.127,0.155,0.09,12.948,1.121,0.22,0.267,0.283,0.128,0.182,18.718,0.182,0.061,0.043,0.365,0.729,0.1,0.821
838,178.296,474.058,176.595,70.377,0,0.29,0.798,0.732,0.35,0.164,0.102,1.037,0.452,0.099,0.507,0.124,0.293,0.163,0.118,0.713,0.817,1.087,0.474,0.14,0.163,0.682,2.116,0.696,0.797,0.234,0.21,0.757,1.339,2.298,3.043,2.058,0.864,0.672,1.066,0.993,2.007,0.676,0.373,5.801,1.302,0.233,4.596,4.383,5.997,0.141,1.21,0,3.109,0.618,0.27,0.46,0.338,0.186,0.187,0.147,0.507,0.387,0.106,0.081,0.08,0.216,0.187,0.35,1.418,0.894,0.476,0.43,0.552,0.108,0.845,0.231,0.303,0,0,0,0.096,0.694,0.496,0.226,0.117,0.112,0.113,0.175,1.158,0.088,0.081,3.217,0.233,0.638,1.744,0.093,0.846,0.112,0,1.328,0.117,0,0,0.35,0.117,0,2.12,0.233,0.041,0.041,0,0.117,0.117,0.117
839,208.508,170.366,354.163,98.811,0,7.073,24.6,1.026,1.197,4.115,2.314,26.682,9.136,0.211,17.265,3.521,4.89,3.22,3.27,1.006,21.843,16.44,12.697,2.656,2.123,9.397,64.452,19.446,28.905,4.618,4.849,1.388,32.465,75.768,95.662,58.697,28.775,19.348,26.26,31.421,52.781,16.893,5.614,65.202,61.705,0.108,126.851,243.007,355.371,2.747,26.652,3.743,0,46.724,0.885,11.108,10.554,3.682,3.979,2.889,12.727,7.118,2.415,1.554,1.917,0.101,3.199,0.956,0.795,18.875,0.211,0.151,0.211,0.413,0.463,0.906,0.916,0.101,0.101,0.293,0.342,0.352,0.171,5.423,0.674,1.841,0.875,4.638,1.036,0.694,0.74,0.451,1.811,25.924,0.423,0.543,18.382,0.745,0.302,39.299,4.125,0.104,0.117,1.338,0.463,0.704,39.933,0.573,0.258,0.146,0.121,0.221,0.302,0.241
840,58.821,452.082,41.528,18.457,0,0.93,0.482,0.307,0.187,0.914,0.136,1.027,1.398,0.35,0.301,0.593,1.059,0.676,0.124,0.118,0.5,5.142,0.197,0.301,0.25,2.142,1.043,1.215,1.261,0.288,0.249,0.112,0.542,1.005,1.105,2.185,0.679,2.88,4.816,2.158,0.819,0.27,0.447,1.433,0.681,0.21,1.97,2.659,3.423,0.098,1.395,0.549,34.504,0,0.32,0.854,0.291,0.61,0.698,0.533,0.393,1.699,0.323,0.294,0.296,0.621,0.672,0.416,0.294,1.427,0.096,0.785,0.098,0.163,0.144,0.315,0.332,0.364,0.416,0.072,0.128,0.179,0.785,0.372,0.177,0.249,0.191,2.442,0.263,0.157,0.137,0.12,0.426,1.201,0.142,0.116,4.693,0.229,0.269,20.9,3.506,62.173,59.855,32.372,0.249,90.373,37,0.322,0.101,0.061,0.727,0.125,0.177,0.145
841,397.006,117.301,37.56,15.14,0,0.621,0.443,0.155,0.233,0.699,0.078,0.489,0.544,0.078,0.194,0.544,0.311,0.466,0.078,0.466,0.241,0.109,0.078,0.148,0.101,0.466,1.717,0.629,0.723,0.466,0.083,0.291,0.274,0.631,0.365,0.132,0.994,0.202,0.117,0.078,0.52,0.621,0.155,0.932,0.088,0,0.932,0.862,0.823,0.078,0.085,0.233,0.636,0.311,0,0.536,0.373,0.74,0.361,0.425,0.272,0.724,0.161,0.126,0.138,0.342,0.287,0.109,0.179,0.171,0.754,0.862,0.583,0.194,0.148,0.521,0.466,0.078,0.078,0,0.971,1.274,0.505,0.311,0,0,0,0.311,0.414,0,0,0.069,0.078,0.376,0.078,0,0.318,0.078,0,0.334,0.466,0,0,0.078,0.078,0,0,0.078,0.035,0.035,0,0.078,0.078,0.078
842,172.353,112.813,49.625,21.152,0,0.524,5.923,0.13,0.228,0.462,0.732,8.01,0.441,0.051,3.903,0.657,0.384,0.327,0.093,0.353,4.412,1.1,1.141,1.079,0.827,0.399,14.626,4.748,5.668,0.519,1.281,0.271,5.951,7.948,5.103,1.889,7.528,1.89,1.09,1.022,10.717,0.96,0.192,20.443,1.36,0.227,12.057,12.592,10.076,0.104,1.048,0.239,4.785,0.498,0.322,0,4.768,3.617,3.66,4.224,2.698,7.814,1.486,1.197,1.036,4.55,2.036,0.877,2.241,1.634,4.431,7.481,6.117,1.987,1.328,5.695,0.316,0.363,0.363,0.061,9.154,14.662,5.328,0.275,0.311,0.156,0.208,0.301,2.361,0.183,0.168,0.045,0.415,4.374,0.057,0.145,2.771,0.311,0,2.599,0.14,0.064,0.078,0.057,0.415,0.104,0.208,0.067,0.021,0.023,0.208,0.311,0.052,0.415
843,353.962,290.589,80.759,16.971,0,0.539,2.973,0.159,0.265,0.761,0.669,5.514,0.486,0.596,1.892,0.288,0.416,0.513,0.531,0.387,2.449,1.415,0.486,1.291,0.893,0.601,9.905,6.446,6.035,0.442,0.734,0.262,2.116,3.285,1.938,0.973,5.393,2.322,1.645,0.584,4.08,0.398,0.097,6.176,0.471,0.162,5.838,5.171,4.844,0.609,0.849,0.292,7.577,0.283,0.373,7.947,0,4.212,2.682,2.803,1.807,5.977,1.572,1.472,1.313,2.812,3.208,1.433,1.565,1.804,5.828,7.367,7.066,2.653,1.88,4.769,0.541,0.619,0.619,0.14,12.906,14.026,6.827,0.371,0.531,0.265,0.354,0.469,4.897,0.458,0.28,0.083,0.707,2.088,0.106,0.242,2.299,0.531,0,5.039,0.576,0.107,0.13,0.097,0.707,0.177,0.354,0.115,0.035,0.039,0.265,0.531,0.796,0.707
844,158.736,164.86,101.175,30.363,0,0.454,7.164,0.088,0.168,0.352,0.703,8.263,0.469,0.293,5.289,0.894,0.264,0.271,0.103,0.256,5.948,0.637,1.494,0.711,0.623,0.212,33.11,7.683,10.025,0.374,1.509,0.24,9.219,11.347,5.589,2.329,8.197,1.047,0.564,1.355,14.614,0.945,0.249,29.374,2.256,0.119,14.833,16.203,16.064,0.147,1.011,0.161,2.637,0.593,0.74,6.029,4.212,0,3.373,4.127,4.322,7.208,1.355,1.367,0.933,3.003,2.102,0.461,0.659,0.952,5.413,4.842,4.725,1.34,0.293,3.934,0.154,0.147,0.147,0.053,5.574,10.123,3.875,0.271,0.147,0.073,0.073,0.147,0.586,0.073,0.07,0.206,0.147,6.394,0.22,0.073,2.981,0.147,0,0.711,0.44,0.054,0.065,0.22,0.147,0.073,0.073,0.22,0.105,0.105,0.073,0.147,0.147,0.147
845,159.11,98.628,53.474,15.646,0,0.405,5.247,0.075,0.143,0.324,0.504,5.894,0.28,0.249,3.803,0.666,0.224,0.243,0.093,0.218,4.506,0.548,1.388,0.915,0.535,0.187,25.057,6.554,8.502,0.33,1.295,0.212,9.099,12.343,5.153,2.141,9.665,0.902,0.517,0.902,8.838,1.257,0.249,30.901,2.265,0.021,18.099,19.567,21.696,0.137,1.033,0.162,2.857,0.678,0.361,6.099,2.682,3.373,0,2.996,2.763,6.416,1.232,0.878,0.864,2.321,2.757,0.641,2.228,1.519,4.792,4.494,2.863,1.388,1.593,2.483,0.174,0.187,0.187,0.091,4.674,7.126,4.033,0.349,0.124,0.062,0.062,0.156,0.062,0.124,0.062,0.249,0.124,5.539,0.249,0.062,2.714,0.124,0,0.772,0.093,0.054,0.062,0.187,0.124,0.062,0.062,0.249,0.105,0.105,0.062,0.124,0.187,0.124
846,252.78,107.692,54.042,17.683,0,0.32,5.275,0.061,0.083,0.276,0.497,5.887,0.342,0.166,3.691,0.646,0.182,0.199,0.072,0.177,4.127,0.381,0.822,0.839,0.425,0.138,22.455,6.119,8.105,0.287,1.098,0.166,7.366,10.185,4.59,1.754,5.457,0.811,0.381,1.026,12.541,0.822,0.188,25.512,1.821,0.061,12.613,14.373,12.761,0.121,0.833,0.127,2.075,0.519,0.425,7.04,2.803,4.127,2.996,0,3.404,3.686,1.109,0.596,1.037,2.505,1.937,0.375,0.497,1.07,5.219,3.812,3.575,1.043,0.221,2.897,0.116,0.11,0.11,0.084,4.077,7.52,3.217,0.199,0.055,0.055,0.055,0.116,0.441,0.055,0.055,0.166,0.11,5.832,0.166,0.055,2.312,0.11,0,0.53,0.331,0.054,0.055,0.166,0.11,0.055,0.055,0.166,0.105,0.105,0.055,0.055,0.11,0.11
847,325.196,132.065,136.442,13.323,0,0.589,2.881,0.159,0.294,0.836,0.613,5.356,0.533,0.637,1.942,0.31,0.43,0.549,0.557,0.414,2.684,1.536,0.613,1.066,1.034,0.756,6.661,4.789,4.444,0.509,0.863,0.313,2.829,4.312,2.762,1.058,4.457,2.69,2.037,0.533,6.892,0.557,0.103,11.11,0.949,0.07,7.019,8.237,8.842,0.088,1.536,0.438,9.138,0.382,0.272,4.513,1.807,4.322,2.776,3.404,0,6.763,1.763,1.213,1.635,3.741,2.937,2.356,3.128,2.682,6.16,6.033,8.611,3.534,3.247,5.305,0.669,0.716,0.716,0.14,13.768,12.105,9.885,0.549,0.557,0.239,0.318,0.573,8.162,0.458,0.419,0.103,0.637,2.51,0.111,0.239,2.451,0.557,0.08,6.59,0.786,0.107,0.13,0.096,0.637,0.159,0.318,0.096,0.035,0.035,0.239,0.478,0.716,0.557
848,261.685,1.528,101.97,36.64,0,0.891,12.981,0.148,0.316,0.674,1.157,14.107,0.619,0.433,9.244,1.578,0.464,0.501,0.229,0.464,11.025,1.046,3.372,2.048,1.138,0.346,61.166,14.899,19.861,0.767,2.951,0.452,21.971,29.964,12.931,5.154,23.554,2.017,0.947,2.172,36.331,3.056,0.594,58.746,5.606,0,43.613,48.711,52.69,0.334,2.376,0.334,5.111,1.652,0.724,13.024,5.977,7.208,6.416,3.686,6.763,0,2.079,3.712,3.472,7.635,2.883,0.953,0.105,3.279,14.311,6.917,5.735,2.66,0.557,5.117,0.26,0.247,0.247,0.214,7.598,15.895,7.932,0.798,0.186,0.124,0.124,0.278,0.093,0.186,0.124,0.433,0.186,13.964,0.433,0.124,6.323,0.186,0,0.959,0.124,0.054,0.062,0.371,0.186,0.062,0.124,0.433,0.14,0.21,0.124,0.186,0.247,0.186
849,223.821,67.911,45.617,14.751,0,0.215,2.108,0.46,0.084,0.161,0.23,2.499,0.153,0.153,1.526,0.307,0.13,0.115,0.46,0.13,2.277,0.337,0.644,0.429,0.33,0.115,9.852,2.678,3.273,0.23,0.628,0.124,3.658,4.95,3.228,0.981,4.056,0.475,0.33,0.422,4.861,0.583,0.107,9.131,0.861,0.015,8.127,9.622,9.974,0.084,0.452,0.092,1.734,0.314,0.161,2.476,1.572,1.355,1.232,1.109,1.763,2.079,0,0.586,1.036,1.181,0.912,0.682,1.441,0.866,2.453,2.377,2.016,0.897,0.889,1.587,0.153,0.153,0.153,0.042,3.511,4.148,2.53,0.192,0.077,0.077,0.077,0.1,0.527,0.076,0.07,0.206,0.077,1.861,0.23,0.077,1.303,0.077,0,0.636,0.077,0,0,0.153,0.077,0,0.077,0.153,0.07,0.07,0.077,0.077,0.153,0.077
850,89.566,130.524,67.25,94.281,0,0.181,1.395,0.279,0.628,0.126,0.139,1.59,0.119,0.139,1.36,0.279,0.091,0.098,0.418,0.091,1.883,0.216,0.565,0.349,0.237,0.077,14.506,2.406,3.059,0.181,0.537,0.091,3.705,4.882,2.929,0.886,3.752,0.37,0.209,0.377,3.85,0.53,0.098,7.337,0.928,0.037,7.511,8.146,8.892,0.558,0.398,0.07,1.116,0.286,0.126,1.995,1.465,1.367,0.878,0.596,1.213,3.712,0.586,0,0.426,1.388,1.227,0.349,0.279,0.628,2.824,1.276,1.499,0.6,0.139,1.123,0.084,0.07,0.07,0.039,1.974,3.208,1.743,0.146,0.07,0,0.07,0.628,0.279,0.07,0.07,0.138,0.07,2.056,0.139,0.07,1.144,0.07,0,0.272,0.279,0,0,0.07,0.07,0,0.07,0.139,0.035,0.035,0,0.07,0.07,0.07
851,93.142,71.118,31.272,85.749,0,0.184,1.946,0.403,0.069,0.173,0.202,2.269,0.144,0.115,1.434,0.305,0.109,0.086,0.403,0.109,2.084,0.265,0.61,0.363,0.271,0.098,9.305,2.539,3.248,0.207,0.547,0.109,3.616,5.643,3.063,0.881,3.541,0.553,0.253,0.432,5.01,0.553,0.104,9.674,0.777,0,7.152,8.925,9.455,0.075,0.547,0.069,1.376,0.288,0.138,1.733,1.313,0.933,0.864,1.037,1.635,3.472,1.036,0.426,0,1.083,1.175,0.53,1.29,0.76,2.274,1.18,1.831,0.668,0.772,1.18,0.104,0.115,0.115,0.046,2.534,3.213,1.912,0.173,0.058,0.058,0.058,0.075,0.403,0.058,0.058,0.115,0.058,2.142,0.115,0.058,1.163,0.058,0,0.415,0.518,0,0,0.115,0.058,0,0.058,0.115,0.035,0.07,0.058,0.058,0.058,0.058
852,147.156,169.821,202.187,144.286,0,0.409,5.375,0.089,0.124,0.391,0.59,6.453,0.444,0.256,3.719,0.634,0.258,0.284,0.8,0.229,4.128,0.578,0.951,1.146,0.517,0.222,27.558,6.166,7.586,0.391,1.128,0.175,5.794,7.579,4.809,1.955,9.308,1.135,0.604,1.031,13.648,0.915,0.204,26.79,1.707,0,13.982,15.668,15.122,0.131,1.073,0.187,0.072,0.604,0.342,7.583,2.812,3.003,2.321,2.505,3.741,7.635,1.181,1.388,1.083,0,3.281,0.764,0.098,1.457,7.916,8.396,3.305,1.946,0.466,5.328,0.218,0.177,0.178,0.077,8.717,8.556,5.526,0.355,0.178,0.089,0.089,0,0.075,0.153,0.07,0.275,0.178,4.754,0.355,0.081,2.932,0.178,0,0.259,0,0.054,0.065,0.267,0.178,0.089,0.089,0.355,0.105,0.105,0.089,0.178,0.267,0.178
853,100.632,103.284,155.192,55.366,0,0.435,3.168,0.725,0.145,0.29,0.314,3.643,0.274,0.242,3.135,0.645,0.226,0.226,0.097,0.226,4.544,0.524,1.33,0.798,0.548,0.177,20.223,4.782,6.042,0.443,1.173,0.189,7.411,9.868,6.606,2.055,8.294,0.862,0.492,0.871,9.431,1.225,0.234,17.974,1.935,0,17.354,20.143,20.795,0.177,0.911,0.161,2.297,0.653,0.287,3.393,3.208,2.102,2.757,1.937,2.937,2.883,0.912,1.227,1.175,3.281,0,0.733,0.645,1.507,7.158,3.224,3.732,1.362,0.311,2.476,0.169,0.161,0.161,0.077,4.498,7.472,4.038,0.347,0.081,0.081,0.081,0.145,0.602,0.076,0.07,0.206,0.081,3.839,0.242,0.081,2.442,0.081,0,0.564,0.7,0,0,0.161,0.161,0,0.081,0.242,0.07,0.07,0.081,0.081,0.161,0.081
854,242.25,134.854,131.974,118.5,0,0.626,0.733,0.09,0.208,0.567,0.792,0.487,0.652,0,0.568,0.148,0.271,0.614,0.093,0.352,0.714,0.639,0.282,0.208,0.705,0.285,3.128,0.867,0.992,0.386,0.235,0.145,1.151,0.903,0.778,0.529,1.989,0.154,0.107,0.381,4.717,0.337,0.153,7.553,0.449,0,2.865,3.191,2.79,0.096,0.417,0.302,0.679,0.404,0.109,1.479,1.424,0.461,0.641,0.375,2.356,0.953,0.682,0.349,0.53,0.764,0.733,0,1.216,0.754,2.096,1.001,2.498,2.039,0.606,0.268,4.092,0.354,0.374,0.074,0.662,1.711,1.163,0.548,0.25,0.116,0.166,0.624,1.128,0.137,0.119,0.399,0.218,4.734,0.478,0.113,0.936,0.175,0,0.198,0.156,0.321,0.389,0.321,0.194,0.398,0.1,0.302,0.081,0.077,0.832,0.135,0.197,0.156
855,17.135,164.775,42.956,265.186,0,1.162,2.656,0.289,0.253,0.994,0.491,4.191,1.045,0.545,1.7,0.278,0.818,0.725,0.143,0.41,2.045,2.769,1.381,0.75,0.996,1.55,8.359,3.867,3.906,1.036,1.045,0.379,4.271,7.224,9.099,2.671,3.249,5.596,4.204,1.744,7.974,2.14,0.446,19.579,3.713,0.05,17.344,15.994,32.66,0.342,4.474,1.12,0.522,0.261,0.163,3.415,1.431,0.603,2.037,0.454,2.86,0.096,1.318,0.255,1.179,0.089,0.59,1.112,0,7.11,0.194,0.126,0.194,0.539,10.838,0.561,1.125,0.105,0.101,0.256,0.295,0.286,0.152,1.474,0.236,0.093,0.143,0.337,14.368,0.098,0.089,0.453,0.143,2.775,0.471,0.088,2.569,0.11,0,0.134,0.142,0.196,0.178,0.185,0.101,0.168,0.59,0.16,0.048,0.042,0.337,0.674,0.101,0.084
856,79.214,6.068,17.644,198.6,0,0.646,1.978,0.231,0.179,0.715,0.282,2.771,0.553,0.312,1.678,0.354,0.702,0.536,0.11,0.282,2.54,1.393,1.431,0.638,0.68,0.732,8.335,2.889,3.836,0.809,0.837,0.279,4.258,7.162,4.824,3.43,3.881,3.27,1.932,1.209,7.867,1.455,0.46,9.861,2.018,2.805,9.875,27.188,23.5,0.247,1.751,0.706,12.39,1.268,0.156,2.49,1.649,0.871,1.388,0.979,2.452,2.998,0.792,0.574,0.695,1.332,1.378,0.689,7.11,0,0.102,0.681,0.102,0.366,5.668,0.21,0.75,0.647,0.681,0.128,0.159,0.145,0.766,1.027,0.179,0.596,0.094,0.851,10.978,0.628,0.575,0.39,0.085,2.55,0.353,0.516,2.4,0.681,0.08,4.615,0.555,0.098,0.118,0.102,0.596,0.085,0.255,0.766,0.256,0.192,0.17,0.255,0.511,0.34
857,36.362,31.789,62.91,77.908,0,0.331,2.578,0.078,0.12,0.355,0.31,3.223,0.26,0.273,1.4,0.361,0.231,0.252,0.059,0.189,2.529,0.567,0.682,0.757,0.441,0.248,19.313,3.647,4.195,0.317,0.786,0.146,4.202,5.283,3.372,1.476,5.56,1.015,0.672,0.62,9.966,0.702,0.167,19.315,1.221,0.127,10.077,11.392,10.07,0.099,0.875,0.188,0.069,0.043,0.344,3.376,2.664,2.475,2.191,2.386,2.816,6.542,1.122,1.291,1.04,3.619,3.272,0.954,0.097,0.051,0,8.825,6.16,2.566,0.046,6.161,0.231,0.243,0.299,0.09,10.819,9.835,7.144,0.042,0.171,0.086,0.128,0.043,0.076,0.14,0.096,0.031,0.257,3.083,0.042,0.111,2.344,0.171,0,0.276,0.036,0.024,0.03,0.342,0.257,0.043,0.128,0.385,0.112,0.128,0.086,0.171,0.299,0.257
858,12.479,48.481,101.573,95.24,0,0.319,3.481,0.07,0.122,0.32,0.386,4.148,0.243,0.234,1.949,0.342,0.206,0.218,0.059,0.149,2.095,0.471,0.878,0.867,0.304,0.096,24.412,4.209,5.024,0.34,0.723,0.116,4.208,4.296,3.934,1.608,6.645,0.925,0.562,0.68,10.08,0.85,0.179,19.432,1.376,0.225,10.347,9.606,13.022,0.115,0.871,0.17,0.05,0.349,0.394,5.7,3.368,2.213,2.054,1.743,2.758,3.162,1.086,0.583,0.54,3.838,1.47,0.458,0.063,0.34,8.825,0,4.237,2.213,0.32,6.126,62.744,0.162,1.573,0.083,10.638,13.22,6.804,0.297,0.131,0.087,0.087,0.044,0.048,0.105,0.064,0.22,0.131,3.795,0.294,0.074,3.073,0.131,0,0.158,0.036,0.024,0.03,0.262,0.174,0.044,0.087,0.349,0.096,0.112,0.087,0.131,0.262,0.174
859,175.199,30.223,112.452,289.5,0,0.875,7.523,0.182,0.27,0.839,0.813,8.772,0.647,0.545,5.739,1.174,0.545,0.61,0.178,0.475,8,1.218,2.063,1.848,1.103,0.504,36.938,9.115,11.099,0.863,2.312,0.386,13.908,17.191,9.775,4.638,15.827,2.326,1.377,1.944,30.318,2.049,0.514,13.517,3.868,0.584,33.98,37.577,30.536,0.294,2.334,0.436,0.139,0.087,0.533,9.321,6.46,4.32,2.618,3.269,7.873,5.244,1.844,1.371,1.674,3.022,3.412,2.275,0.194,0.102,12.32,8.473,0,5.158,0.092,8.923,67.972,28.493,3.565,0.253,22.343,25.428,14.75,0.085,0.349,0.174,0.262,0.087,0.151,0.209,0.192,0.063,0.349,6.451,0.084,0.221,6.704,0.349,0,0.473,0.071,0.049,0.059,0.697,0.523,0.087,0.262,0.785,0.224,0.224,0.174,0.262,0.523,0.349
860,168.99,54.804,31.177,227.07,0,0.245,0.164,0,0.085,0.085,0.161,0.101,0.17,0,0.126,0.301,0.083,0.085,0,0.08,0.144,0.167,0.1,0.587,0.143,0.085,13.279,0.141,0.202,0.17,0.484,0.067,0.25,0.26,0.306,0.187,5.98,0.624,0.34,0.128,12.654,0.119,0.596,1.545,0.175,0.1,0.997,1.36,1.133,0.318,0.17,0.085,0.271,0.145,0.178,3.028,2.426,1.226,1.269,0.953,3.231,2.432,0.82,0.548,0.611,1.779,1.245,1.864,0.539,0.366,5.132,4.426,5.158,0,0.284,2.131,64.75,10.875,1.506,0.173,9.128,8.162,3.396,0.255,0.102,0.511,0.681,0.17,0.557,0.558,0.447,0.182,0.766,2.152,0.202,0.442,1.941,0.681,0,0.71,0.071,0.098,0.118,0.102,0.681,0.085,0.255,0.094,0.288,0.256,0.255,0.34,0.596,0.511
861,238.954,44.369,25.874,150.834,0,0.76,2.798,0.156,0.135,0.547,0.362,3.615,0.639,0.284,1.74,0.433,0.597,0.405,0.128,0.256,3.054,1.406,1.541,0.44,0.696,0.724,8.388,2.755,4.498,0.803,0.927,0.313,5.21,9.554,11.826,3.296,4.659,3.438,1.967,1.463,9.084,2.216,0.462,24.042,4.796,0,18.41,21.648,20.135,0.355,3.246,0.668,0.304,0.128,0.135,2.024,1.719,0.268,1.457,0.202,2.969,0.509,0.813,0.128,0.705,0.426,0.284,0.561,10.838,5.668,0.092,0.639,0.092,0.284,0,0.28,0.618,0.568,0.568,0.128,0.156,0.135,0.071,0.824,0.128,0.497,0.071,0.142,9.093,0.628,0.511,0.315,0.071,3.131,0.256,0.497,2.23,0.568,0,0.639,0.071,0.098,0.118,0.085,0.497,0.071,0.213,0.071,0.288,0.224,0.142,0.284,0.497,0.426
862,62.588,30.509,26.468,76.362,0,0.119,4.009,0.039,0.081,0.193,0.35,4.276,0.084,0.14,2.702,0.473,0.123,0.151,0.28,0.116,2.99,0.116,0.939,0.515,0.266,0.042,19.287,3.519,4.636,0.28,0.682,0.103,4.694,6.324,4.893,1.528,6.179,0.603,0.119,0.312,9.431,0.859,0.084,19.224,1.722,0.213,10.455,12.61,14.692,0.123,0.74,0.091,0.297,0.14,0.238,4.339,2.18,1.798,1.135,1.324,2.425,2.339,0.725,0.513,0.54,2.436,1.132,0.123,0.28,0.105,6.161,6.126,4.462,1.065,0.14,0,29.479,5.05,1.083,0.139,6.834,16.374,5.622,0.105,0.035,0.035,0.035,0,0.241,0.035,0.032,0.094,0.07,4.981,0.105,0.035,2.352,0.07,0,0.105,0,0.024,0.03,0.105,0.07,0.035,0.035,0.14,0.048,0.064,0.035,0.07,0.105,0.105
863,283.104,9.188,53.631,173.162,0,0.558,0.366,0.08,0.08,0.239,0.479,0.25,0.558,0,0.275,0.075,0.239,0.239,0.08,0.16,0.33,0.558,0.223,0.638,0.43,0.239,1.268,0.32,0.46,0.319,0.097,0.133,0.557,0.594,0.697,0.415,0.697,0.14,0.08,0.287,1.356,0.263,0.12,3.423,0.397,0.201,2.223,3.02,2.551,0.088,0.367,0.239,0.601,0.295,0.426,0.482,0.495,0.141,0.159,0.106,0.611,0.238,0.14,0.077,0.095,0.199,0.155,3.741,1.125,0.734,0.463,125.488,67.972,64.75,0.618,58.957,0,26.441,31.506,6.304,59.376,247.148,95.793,0.518,0.207,0.096,0.136,0.319,1.197,0.119,0.096,0.403,0.16,11.829,0.431,0.096,7.888,0.136,0,0.166,0.142,0.294,0.237,0.231,0.136,0.239,0.718,0.199,0.067,0.061,0.558,0.088,0.136,0.104
864,41.859,12.759,24.899,61.203,0,0.04,0.234,0,0,0,0.04,0.117,0.04,0,0.148,0.038,0,0,0,0,0.144,0.04,0.121,0.04,0.036,0,0.071,0.192,0.252,0,0.035,0,0.282,0.031,0.036,0.243,0.036,0.078,0.04,0.162,0.069,0.121,0.04,0.166,0.235,0,0.107,0.146,0.131,0.04,0.162,0,0.033,0.162,0.036,0.277,0.283,0.067,0.085,0.05,0.327,0.113,0.07,0.032,0.053,0.081,0.074,0.162,0.053,0.323,0.243,0.162,14.247,5.437,0.284,5.05,13.22,0,2.939,0.573,10.142,29.783,12.411,0.243,0.081,0.04,0.081,0,0.048,0.07,0.032,0.189,0.081,0.972,0.243,0.037,0.974,0.081,0,0.079,0,0.024,0,0.121,0.081,0,0.04,0.121,0.032,0.032,0.04,0.04,0.081,0.04
865,121.289,44.52,15.495,279.272,0,0.327,1.869,0,0,0,0.322,0.937,0.34,0,1.188,0.301,0,0,0,0,1.722,0.334,0.998,0.393,0.287,0,0.602,1.534,2.016,0,0.277,0,2.254,0.249,0.313,2.461,0.316,0.624,0.355,1.395,0.552,1.119,0.744,1.297,1.883,0.01,0.853,1.138,1.046,0.318,1.297,0,0.264,1.478,0.284,2.214,2.264,0.536,0.683,0.404,2.62,0.905,0.561,0.255,0.421,0.975,0.59,1.369,0.404,2.724,2.396,12.588,14.261,6.026,2.273,8.664,126.023,23.513,0,0.614,29.275,33.304,13.808,2.037,0.787,0.355,0.358,0,0.358,0.558,0.511,1.51,0.787,1.85,2.017,0.295,3.494,0.709,0,0.631,0,0.196,0.237,1.137,0.748,0,0.366,1.176,0.256,0.256,0.393,0.392,0.758,0.784
866,31.035,15.99,13.365,4.665,0,0,0.3,0,0,0,0,0.2,0,0,0.2,0.1,0,0,0,0,0.3,0,0.2,0,0,0,0.11,0.3,0.4,0,0.1,0,0.6,0.7,0.7,0.3,0.7,0.1,0.1,0.2,0.1,0.2,0.1,0.24,0.3,0.004,0.15,0.21,0.19,0.1,0.3,0,0.6,0.2,0,0.29,0.4,0.15,0.26,0.24,0.4,0.61,0.12,0.11,0.13,0.22,0.22,0.21,0.8,0.4,0.56,0.52,0.79,0.54,0.4,0.87,19.7,3.58,0.48,0,3.49,1.96,1.02,0.3,0.1,0.1,0.1,0,0.8,0.1,0.1,0.3,0.1,0.33,0.3,0.1,0.463,0.1,0,0.1,0,0,0,0.2,0.1,0,0.1,0.2,0.1,0.1,0.1,0.1,0.1,0.1
867,250.604,123.8,36.7,317.435,0,0.227,21.253,0,0.477,1.082,1.779,21.026,0.227,0.083,14.611,2.95,0.076,0.848,0,0.658,17.924,0.227,6.592,2.52,1.433,0.151,82.679,16.383,22.098,1.741,4.021,0.552,29.194,40.05,0.256,0.167,32.085,0.53,0.303,0.129,58.763,0.083,0.53,122.094,0.148,0,69.677,0.886,0.833,0.227,0.129,0.076,0.225,0.114,0.888,13.949,11.799,5.097,4.273,3.728,12.588,6.947,3.21,1.804,2.316,7.97,4.112,0.605,0.295,0.159,21.639,21.275,22.343,9.12,0.156,13.669,59.376,20.284,7.319,1.117,0,33.378,20.549,0.129,0.605,0.303,0.454,0.151,0.254,0.488,0.384,0.107,0.605,12.22,0.114,0.295,8.681,0.53,0,0.076,0.071,0.098,0.118,0.091,0.605,0.151,0.303,0.098,0.035,0.035,0.303,0.454,0.681,0.605
868,76.704,8.072,63.321,136.699,0,0.169,4.78,0.064,0.133,0.322,0.471,5.235,0.13,0.023,3.092,0.539,0.201,0.249,0.079,0.169,3.308,0.44,1.208,0.668,0.363,0.086,23.109,3.609,4.961,0.41,0.777,0.134,4.93,6.764,5.391,2.083,8.11,0.927,0.236,0.432,9.024,1.188,0.244,18.279,1.844,0.212,11.923,15.141,17.858,0.155,1.024,0.164,0.069,0.048,0.349,6.703,3.845,2.777,1.955,2.063,3.32,4.36,1.138,0.88,0.881,2.347,2.049,0.469,0.083,0.043,5.901,7.932,7.626,2.449,0.038,9.825,74.144,17.87,2.498,0.188,10.013,0,10.115,0.036,0.186,0.106,0.159,0.053,0.06,0.146,0.115,0.025,0.239,3.924,0.035,0.133,3.686,0.212,0,0.028,0.021,0.044,0.053,0.037,0.027,0.08,0.186,0.048,0.012,0.016,0.159,0.239,0.034,0.029
869,104.058,61.23,34.843,93.362,0,0.429,4.521,0.078,0.153,0.389,0.455,4.94,0.323,0.273,2.933,0.564,0.244,0.296,0.093,0.189,3.182,0.517,1.444,0.828,0.362,0.1,15.894,3.257,4.246,0.484,1.066,0.136,6.794,6.737,6.495,2.545,7.658,1.108,0.58,1.072,16.538,1.395,0.292,32.519,2.247,0.137,16.579,15.405,21.393,0.183,1.236,0.196,0.056,0.349,0.231,4.06,3.121,1.771,1.844,1.47,4.519,3.626,1.157,0.797,0.874,2.526,1.846,0.532,0.076,0.383,7.144,6.804,7.375,1.698,0.036,5.622,47.897,12.411,1.726,0.163,10.274,16.859,0,0.34,0.131,0.087,0.087,0.044,0.052,0.105,0.096,0.252,0.174,3.288,0.294,0.074,3.574,0.131,0,0.237,0.036,0.024,0.03,0.305,0.174,0.044,0.087,0.349,0.096,0.112,0.087,0.131,0.262,0.174
870,88.73,73.899,51.479,135.2,0,0.155,0.436,0.496,0.255,0.119,0.724,0.609,0.127,0.078,0.252,0.677,0.149,0.093,0.17,0.563,0.474,0.309,0.258,0.127,0.136,0.204,1.284,0.467,0.756,0.161,0.159,0.599,0.745,1.295,1.551,0.637,0.733,0.78,0.535,0.391,1.394,0.28,0.127,3.43,0.612,0.101,2.726,4.554,3.93,0.096,0.592,0.178,3.56,0.331,0.284,0.419,0.34,0.248,0.319,0.182,0.502,0.73,0.175,0.134,0.158,0.325,0.317,0.501,1.474,1.027,0.085,0.594,0.085,0.255,0.824,0.21,0.518,0.485,0.509,0.096,0.129,0.119,0.679,0,0.178,0.594,0.093,0.246,2.325,0.558,0.511,8.368,0.764,0.569,3.706,41.666,1.214,0.594,0,1.546,0.185,0.098,0.118,0.093,0.509,0.085,0.17,0.764,0.224,0.192,0.17,0.255,0.509,0.34
871,67.267,53.622,277.796,123.254,0,0.116,0.664,0,0,0,0,0.333,0.121,0,0.422,0.107,0,0,0,0,0.408,0.119,0.355,0.175,0,0.124,0.169,0.364,0.627,0.125,0.098,0,0.712,0.088,0.172,1,0.92,0.333,0.378,0.136,0.163,0.795,0.529,0.386,0.124,0.031,0.303,0.776,0.62,0.226,0.138,0.131,0.62,0.223,0,0.674,0.69,0.19,0.162,0.072,0.724,0.241,0.1,0.091,0.075,0.231,0.105,0.324,0.335,0.254,0.487,0.372,0.496,0.145,0.182,0.1,0.295,0.23,0.28,0.046,0.861,0.88,0.372,0.253,0,0.176,0.458,0.563,0.616,0.119,0.127,0.215,0.154,2.167,0.203,0.629,0.355,1.008,0,0.785,0.101,0.07,0.084,0.148,0.532,0.129,0.26,0.836,0.273,0.137,0.188,0.279,0.404,0.279
872,34.555,52.325,179.081,27.074,0,0.125,0.356,0,0,0,0,0.238,0.13,0,0.226,0.115,0,0,0,0,0.328,0.127,0.254,0,0,0.132,1.086,0.292,0.384,0,0.105,0,0.382,0.603,0.975,1.071,0.438,0.357,0.405,0.173,0.934,0.405,0.81,0.241,0.113,0.116,0.174,0.422,0.483,0.242,0.222,0.135,1.831,0.338,0,0.361,0.37,0.102,0.087,0.077,0.333,0.172,0.107,0,0.08,0.124,0.112,0.162,0.141,0.908,0.261,0.266,0.266,0.778,0.757,0.107,0.146,0.123,0.135,0.049,0.461,0.539,0.266,0.905,0.189,0,0.311,0.81,0.178,0.956,0.097,0.767,0.27,1.716,0.768,0.674,0.378,1.08,0,0.961,0.108,0.075,0.09,0.189,0.54,0.135,0.27,0.81,0.293,0.146,0.135,0.27,0.405,0.27
873,39.113,39.66,98.679,53.49,0,0.116,0.332,0,0,0,0,0.222,0.121,0,0.317,0.107,0,0,0,0,0.306,0.119,0.237,0.127,0,0.124,0.124,0.273,0.537,0,0.098,0,0.534,0.643,0.111,0.875,0.715,0.222,0.378,0.149,0.12,0.381,0.508,0.268,0.096,0.018,0.206,0.495,0.383,0.226,0.15,0.127,0.808,0.242,0,0.45,0.46,0.095,0.081,0.072,0.414,0.161,0.1,0.091,0.075,0.116,0.105,0.216,0.204,0.133,0.365,0.248,0.372,0.968,0.101,0.1,0.193,0.23,0.127,0.046,0.646,0.754,0.248,0.133,0.458,0.29,0,0.381,0.274,7.588,6.162,0.107,0.165,1.863,1.075,7.062,0.925,43.027,0,0.785,0.101,0.07,0.084,0.14,0.508,0.127,0.254,0.763,0.273,0.137,0.127,0.254,0.381,0.254
874,177.143,620.495,1794.19,107.869,0,0.461,1.341,0.881,1.368,0.29,0.135,1.51,0.48,0.119,0.894,0.195,0.302,0.256,0.168,0.736,1.159,1.029,0.634,0.263,0.142,0.622,4.599,0.984,1.43,0.228,0.264,0.608,1.784,2.663,4.498,3.334,1.599,1.141,1.782,3.506,3.151,1.136,0.595,9.303,2.992,0.024,7.099,14.152,20.617,0.242,1.198,0.21,4.638,3.307,0.433,0.699,0.653,0.204,0.217,0.161,0.798,0.388,0.139,0.874,0.104,0,0.202,0.869,0.513,1.297,0.13,0.133,0.133,0.259,0.216,0,0.486,0,0,0,0.231,0.269,0.133,0.375,0.603,0.81,0.409,0,0.629,0.319,0.292,0.192,1.203,0.985,0.256,0.225,1.575,0.405,0,1.19,0.238,4.022,3.862,2.107,0.285,6.307,2.189,0.448,0.146,0.098,0.261,0.149,0.289,0.149
875,77.704,63.647,12.087,178.772,0,1.058,5.783,0.15,0.16,0.609,0.562,6.433,0.206,0.361,3.549,0.944,0.645,0.469,0.232,0.33,6.17,0.206,3.296,0.81,0.815,0.103,17.725,4.118,7.758,1.315,1.568,0.424,11.277,20.946,25.623,6.696,9.311,3.781,0.413,0.144,18.669,2.569,1.006,52.164,10.69,0.023,36.44,49.549,45.257,0.413,4.916,0.686,0.51,0.175,0.284,2.698,3.358,0.402,0.043,0.303,5.597,0.064,0.361,0.191,0.276,0.052,0.413,0.774,10.776,8.233,0.113,0.072,0.113,0.418,6.82,0.361,0.898,0.072,0.067,0.192,0.191,0.15,0.077,1.744,0.325,0.088,0.144,0.31,0,0.098,0.096,9.372,0.103,6.19,7.036,41.403,4.689,27.072,0,0.077,0.103,0.11,0.133,0.124,0.062,0.103,0.31,0.088,0.034,0.026,0.206,0.361,0.052,0.413
876,61.814,23.656,246.381,109.969,0,0.099,0.397,0,0,0,0,0.298,0.198,0,0.298,0.099,0,0,0,0,0.397,0.198,0.198,0.099,0,0.099,0.139,0.364,0.627,0,0.098,0,0.623,0.724,0.119,0.893,0.793,0.298,0.298,0.139,0.119,0.397,0.595,0.288,0.105,0.022,0.198,0.417,0.417,0.198,0.129,0.099,0.648,0.198,0,0.397,0.595,0.095,0.162,0.072,0.595,0.241,0.099,0.091,0.075,0.198,0.099,0.179,0.139,0.893,0.397,0.298,0.298,0.793,0.893,0.099,0.169,0.198,0.198,0.046,0.694,0.694,0.298,0.793,0.119,0.893,7.588,0.298,0.186,0,9.798,81.929,0.179,39.295,62.627,3.501,2.39,12.785,0,0.793,0.099,0.139,0.168,0.169,0.694,0.099,0.198,0.893,0.364,0.182,0.198,0.298,0.397,0.397
877,45.234,267.17,563.706,82.134,0,0.091,0.364,0,0,0,0,0.273,0.182,0,0.273,0.091,0,0,0,0,0.273,0.182,0.182,0.091,0,0.091,0.118,0.364,0.537,0,0.091,0,0.534,0.643,0.1,0.727,0.636,0.273,0.273,0.118,0.1,0.273,0.364,0.236,0.1,0.116,0.173,0.364,0.364,0.182,0.118,0.091,0.691,0.173,0,0.364,0.364,0.091,0.081,0.072,0.545,0.161,0.091,0.091,0.075,0.091,0.091,0.155,0.127,0.818,0.273,0.182,0.273,0.636,0.727,0.091,0.136,0.091,0.182,0.046,0.545,0.545,0.273,0.727,0.127,0.091,6.162,0.273,0.182,9.798,0,0.805,0.173,42.018,76.972,7.516,1.672,13.478,0,0.727,0.091,0.139,0.168,0.155,0.636,0.091,0.182,0.727,0.319,0.182,0.182,0.273,0.364,0.273
878,45.279,26.683,4.332,48.418,0,0.063,0.035,0,0,0.031,0.031,0.22,0.063,0,0.283,0.063,0.031,0.031,0,0.031,0.031,0.063,0.22,0.031,0.031,0.031,0.101,0.031,0.044,0.031,0.094,0,0.053,0.068,0.113,0.057,0.06,0.22,0.094,0.041,0.104,0.041,4.247,0.264,43.986,0.009,0.208,0.547,0.412,2.897,15.289,1.271,0.148,0.053,0.031,0.035,0.038,0.094,0.114,0.076,0.047,0.198,0.094,0.063,0.053,0.126,0.094,0.182,0.227,0.195,0.031,0.22,0.031,0.094,0.157,0.094,0.201,0.189,0.189,0.048,0.053,0.041,0.252,4.184,0.076,0.252,0.038,0.063,6.248,28.81,0.283,0,0.031,4.278,3.328,1.67,1.17,1.963,0,0.252,0.031,0.049,0.059,0.038,0.189,0.031,0.063,0.283,0.128,0.096,0.063,0.094,0.189,0.126
879,38.328,19.472,68.883,9.315,0,0.233,0.886,0,0,0.123,0.114,0.666,0.363,0,0.633,0.107,0.117,0.133,0,0,0.714,0.356,0.473,0.14,0.102,0.247,0.237,0.636,0.09,0.125,0.197,0,0.089,0.113,0.202,0.187,0.112,0.666,0.882,0.322,0.196,0.928,0.132,0.482,0.21,0.212,0.357,0.776,0.89,0.453,0.334,0.262,1.69,0.539,0.101,0.899,0.92,0.19,0.162,0.143,0.828,0.241,0.1,0.091,0.075,0.231,0.105,0.284,0.204,0.121,0.73,0.372,0.496,1.089,0.101,0.199,0.227,0.23,0.28,0.046,0.861,1.131,0.496,1.086,0.154,0.252,0.165,1.122,0.196,0.179,0.173,0.089,0,2.487,1.075,0.136,0.444,0.239,0,0.314,0.303,0.487,0.59,1.307,0.279,0.259,0.911,0.306,0.1,0.046,0.561,1.115,0.135,1.254
880,297.531,222.414,863.462,316.03,0,1.472,3.161,0.388,0.461,1.608,1.075,15.582,1.183,0.099,2.439,0.271,1.219,1.03,0.163,0.677,3.514,3.243,0.434,2.511,2.078,1.292,13.052,17.244,16.656,0.967,2.439,0.831,5.284,7.204,2.484,2.565,7.443,5.736,3.965,1.861,5.835,0.416,0.19,7.886,1.364,0.041,9.855,6.72,7.253,0.108,2.701,0.768,25.924,1.626,0.524,10.153,2.909,8.906,7.715,8.123,3.496,19.45,2.592,2.863,2.984,6.621,5.347,6.594,4.227,3.884,9.394,11.562,9.828,3.279,4.769,15.175,18.02,2.963,0.705,0.161,18.617,19.926,10.017,0.867,2.321,1.716,1.996,0.985,12.574,42.102,45.019,13.034,2.665,0,5.474,9.611,6.142,7.533,0.723,9.954,1.102,6.551,6.651,5.573,1.31,3.387,4.399,5.031,1.185,8.946,5.42,6.784,14.732,11.309
881,30.911,69.877,11.521,48.348,0,0.082,0.043,0,0,0.042,0.04,0.273,0.084,0,0.334,0.075,0.041,0.042,0,0,0.036,0.083,0.291,0.042,0.036,0.042,0.127,0.032,0.044,0.042,0.069,0,0.053,0.062,0.121,0.071,0.068,0.234,0.126,0.055,0.123,0.05,2.134,0.29,18.591,0,0.221,0.569,0.46,1.433,8.092,0.689,0.139,0.063,0.036,0.043,0.049,0.1,0.114,0.076,0.051,0.198,0.105,0.064,0.053,0.162,0.111,0.218,0.235,0.176,0.042,0.294,0.042,0.101,0.128,0.105,0.219,0.243,0.252,0.048,0.057,0.059,0.294,1.853,0.071,0.252,0.378,0.084,4.691,22.023,27.067,3.328,0.378,1.797,0,3.898,1.223,4.571,0,0.316,0.036,0.049,0.059,0.046,0.252,0.042,0.126,0.378,0.128,0.096,0.084,0.126,0.252,0.168
882,29.227,80.204,197.614,29.923,0,0.075,0.225,0,0,0,0,0.15,0.075,0,0.15,0.075,0,0,0,0,0.219,0.075,0.15,0,0,0.075,0.674,0.195,0.256,0,0.07,0,0.254,0.345,0.578,0.524,0.438,0.15,0.15,0.082,0.599,0.15,0.225,0.142,0.615,0.067,0.097,0.21,0.24,0.075,0.082,0.075,0.355,0.105,0,0.225,0.225,0.068,0.058,0.051,0.222,0.115,0.071,0.065,0.053,0.075,0.075,0.105,0.09,0.524,0.225,0.15,0.225,0.449,0.505,0.071,0.097,0.075,0.075,0.033,0.299,0.449,0.15,42.318,0.449,0.449,5.045,0.15,56.067,2.501,5.369,3.393,0.097,6.407,7.919,0,1.557,5.119,0,4.663,0.072,0.099,0.12,7.604,0.599,0.075,0.225,0.075,0.293,0.13,0.15,0.225,0.299,0.225
883,49.323,6.16,77.247,75.513,0.004,0.675,1.674,0.186,0.201,0.64,0.322,2.634,0.655,0.101,1.177,0.218,0.504,0.477,0.183,0.209,1.46,1.43,0.549,0.562,0.448,0.687,5.515,2.627,2.809,0.379,0.526,0.156,2.004,2.78,2.568,2.931,2.347,1.662,1.848,2.371,3.328,0.539,0.459,6.702,1.732,0.062,4.816,5.633,6.913,0.183,1.39,0.334,6.033,2.086,0.146,2.111,1.051,1.363,1.24,1.057,1.121,2.893,0.596,0.523,0.532,1.344,1.116,0.428,1.285,1.2,2.344,3.073,3.352,0.97,1.115,2.352,3.944,0.974,0.437,0.074,4.341,6.143,3.574,0.607,0.125,0.124,0.325,0.517,3.126,0.841,0.588,1.17,0.156,2.016,1.223,0.766,0,0.784,0.132,4.268,0.59,1.18,1.17,1.145,0.446,2.037,3.151,0.259,0.07,0.33,0.945,0.78,2.193,0.905
884,22.304,239.43,474.143,3.486,0,0.066,0.443,0,0,0.07,0.065,0.254,0.138,0,0.241,0.061,0.067,0.072,0,0,0.35,0.136,0.203,0.072,0.058,0.071,0.109,0.312,0.409,0.072,0.056,0,0.407,0.046,0.081,0.086,0.526,0.254,0.288,0.127,0.087,0.288,0.504,0.202,0.077,0,0.142,0.295,0.341,0.129,0.112,0.072,0.397,0.166,0.058,0.385,0.394,0.109,0.092,0.082,0.414,0.138,0.057,0.052,0.043,0.132,0.06,0.13,0.089,0.553,0.278,0.212,0.283,0.553,0.462,0.114,0.11,0.131,0.144,0.026,0.43,0.575,0.212,0.483,0.576,0.576,24.587,0.216,29.328,7.306,7.702,3.19,0.137,4.018,7.428,4.096,1.275,0,0,3.32,0.116,0.159,0.193,8.383,0.094,0.144,0.288,0.122,0.039,0.234,0.216,0.504,0.648,0.504
885,1.487,194.923,197.636,0.447,0,0,0.095,0,0,0,0,0.095,0,0,0,0,0,0,0,0,0.087,0,0.097,0,0,0,0.193,0,0.077,0,0,0,0.153,0.276,0.347,0.292,0.088,0.095,0,0.194,0.28,0.097,0.097,0.827,0.246,0.055,0.65,0.116,0.174,0,0.097,0,0.241,0.292,0,0,0,0,0,0,0.089,0,0,0,0,0,0,0,0,0.097,0,0,0,0,0,0,0,0,0,0,0,0,0,0,0,0,0,0,0,0,0,0,0,0.578,0,0,0.321,0,0,0.577,0.087,0.179,0.144,0.68,0.097,0.194,0.389,0.292,0.117,0.039,0,0.097,25.022,0.097
886,431.537,254.747,877.993,46.036,0,7.083,21.767,0.529,0.881,2.74,1.747,22.035,6.41,1.266,14.327,3.133,1.971,2.339,2.468,0.625,18.174,4.935,12.098,1.779,1.237,2.115,58.311,11.802,19.359,3.317,3.458,0.594,33.53,58.624,69.77,43.312,23.564,7.942,6.313,47.911,49.976,14.037,8.445,21.189,36.452,0.079,98.376,170.99,277.228,2.756,23.379,2.131,52.399,37.736,0.62,8.044,9.358,1.32,1.433,0.984,12.238,1.781,1.182,0.505,0.77,0.481,1.048,0.369,0.272,9.374,1.122,0.641,0.961,1.442,1.298,0.427,0.336,0.32,0.32,0.065,0.154,0.192,0.961,3.141,1.122,1.282,1.122,1.586,0.21,1.134,1.039,1.022,0.449,13.272,1.282,9.326,17.338,8.3,0.961,0,6.503,30.203,28.708,78.565,18.956,52.638,33.49,1.378,0.67,0.169,0.176,0.449,0.513,0.417
887,29.885,112.187,337.051,1.653,0,0.306,0.462,0.231,0.405,0.116,0.405,0.468,0.301,0.058,0.688,0.145,0.104,0.104,0.116,0.231,0.89,0.225,0.48,0.081,0.058,0.104,1.225,0.592,0.962,0.145,0.174,0.324,1.47,2.588,3.798,2.006,1.162,0.353,0.272,1.728,2.289,0.682,0.306,6.428,1.978,0,4.948,8.237,12.272,0.133,0.809,0.075,2.2,2.532,0.346,0.173,0.428,0.326,0.069,0.246,0.584,0.092,0.057,0.207,0.385,0,0.52,0.116,0.116,0.451,0.058,0.058,0.058,0.058,0.058,0,0.116,0,0,0,0.058,0.058,0.058,0.15,0.058,0.058,0.058,0.127,0.112,0.057,0.052,0.051,0.173,0.588,0.058,0.058,0.96,0.116,0.058,2.601,0,0.45,0.419,1.283,0.329,0.335,0.607,0.069,0.039,0.104,0.116,0.231,24.341,0.173
888,40.314,65.539,133.824,3.514,0,5.511,0.08,0.485,0.684,2.053,0,0.08,5.993,0.099,0.08,0,1.95,1.783,2.439,0,0.08,4.763,0.04,0,0,1.842,0.279,0.08,0.119,0,0,0,0.119,0.159,0.239,44.672,0.119,0.04,5.718,38.544,0.239,0.04,6.964,0.048,0.159,0,0.318,0.056,0.072,0.04,0.159,0,0.056,44.903,0,0.08,0.08,0.04,0.04,0.04,0.08,0.04,0,0,0,0.04,0,0.239,0.119,0.08,0.04,0.04,0.04,0.08,0.08,0.04,0.239,0.04,0.04,0,0.08,0.119,0.04,0.08,0.04,0.04,0.04,2.145,0.119,0.08,0.08,0.08,0.279,3.494,0.08,0.08,1.918,0.159,0.119,12.081,0.45,0,9.077,0.115,5.678,1.687,1.142,0.191,0.2,0.026,0.159,0.052,0.052,0.044
889,64.532,95.271,50.505,11.478,0,7.948,0.144,0.693,0.982,2.953,0,0.072,8.576,0.144,0.144,0,2.794,2.563,3.559,0,0.144,6.808,0.072,0,0,2.635,0.505,0.144,0.217,0,0,0,0.217,0.207,0.289,63.969,0.217,0.072,8.179,55.356,0.433,0.072,9.955,0.079,0.289,0,0.578,0.094,0.108,0.072,0.289,0,0.094,64.842,0,0.144,0.144,0.072,0.069,0.061,0.144,0.069,0,0,0,0.072,0,0.433,0.217,0.144,0.072,0.072,0.072,0.144,0.144,0.072,0.289,0,0.072,0,0.144,0.217,0.072,0.072,0.072,0.072,0.072,3.09,0.217,0.144,0.144,0.144,0.433,5.321,0.144,0.144,2.852,0.289,0.144,17.225,0.628,13.615,0,0.188,13.283,2.274,2.014,0.361,0.335,0.039,0.289,0.094,0.094,0.079
890,140.393,250.764,1180.071,20.958,0,11.216,0.19,1.023,1.848,5.199,0.163,1.268,12.811,0.221,1.357,0.306,3.641,4.864,3.863,0,0.146,9.369,1.183,0.192,0.145,4.115,0.547,0.143,0.192,0.179,0.281,0,0.191,0.23,0.405,87.572,0.263,1.268,11.865,93.847,0.436,1.705,0.227,0.995,0.383,0.08,0.696,1.429,1.642,0.647,0.51,0.561,1.784,58.45,0.144,0.177,0.181,0.408,0.347,0.307,0.177,0.689,0.285,0.13,0.214,0.495,0.299,0.597,0.376,0.207,1.39,1.062,1.417,0.207,0.173,0.427,0.47,0.493,0.577,0.13,0.184,0.251,1.239,0.19,0.212,0.252,0.2,2.81,0.335,0.241,0.221,0.153,1.867,7.431,0.188,15.209,4.654,20.957,1.134,78.565,3.208,0.289,0.313,0,1.672,1.109,0.372,1.405,0.54,0.156,0.192,0.462,0.558,0.443
891,146.273,173.839,166.999,33.539,0,0.199,0.854,0,0,0.105,0.098,0.571,0.311,0,0.633,0.092,0.101,0.114,0,0,0.612,0.305,0.406,0.114,0.087,0.212,0.222,0.623,0.077,0.107,0.169,0,0.076,0.083,0.147,0.15,0.105,0.38,0.648,0.202,0.168,0.682,0.68,0.368,0.115,0.032,0.241,0.453,0.531,0.194,0.138,0.112,0.37,0.27,0.087,0.771,0.788,0.163,0.139,0.123,0.709,0.207,0.085,0.078,0.064,0.198,0.18,0.217,0.123,0.726,0.626,0.425,0.637,0.726,0.606,0.171,0.165,0.197,0.228,0.039,0.738,0.108,0.425,0.621,0.456,0.432,0.436,0.228,0.101,0.595,0.545,0.46,0.239,1.048,0.614,0.719,1.086,0.14,0.097,11.374,0.494,8.518,13.283,0.992,0,20.747,5.756,2.725,2.02,0.144,0.205,0.661,0.616,0.502
892,430.34,477.612,378.514,301.874,0,15.238,0.443,1.292,2.173,6.024,0,0.222,16.047,0,0.422,0,4.885,5.563,5.311,0,0.408,12.215,0.237,0,0,11.867,1.577,0.364,0.358,0,0,0,0.356,0.483,0.607,119.752,0.613,0.222,36.373,231.758,0.871,0.259,0.259,1.93,0.574,0.068,1.299,0.225,0.248,0,0.461,0,1.315,228.443,0,0.45,0.46,0.19,0.162,0.143,0.414,0.161,0,0,0,0.231,0,1.035,0.479,0.242,0.243,0.248,0.248,0.242,0.202,0.199,0.68,0,0,0,0.43,0.754,0.248,0.241,0.259,0.252,0.254,11.773,0.391,0.198,0.182,0.179,0.517,6.323,0.239,0.21,11.585,0.504,0.454,73.693,1.173,5.905,5.306,1.552,48.411,0,21.838,1.216,0.118,102.785,51.748,0.517,5.434,1.708
893,140.682,277.11,809.049,116.898,0,8.056,11.086,0.644,1.145,3.176,1.151,10.45,8.188,0.139,9.471,2.017,2.55,2.93,3.118,0.405,11.555,6.316,7.274,0.149,0.768,2.854,0.167,7.759,12.621,2.163,0.112,0.789,19.212,32.789,92.972,61.674,0.818,10.07,9.938,63.915,0.124,0.297,12.851,0.245,52.191,0,0.161,0.295,0.335,4.345,27.037,2.722,42.595,53.444,0,0.514,0.526,0.109,0.092,0.082,0.473,0.184,0.114,0.104,0.086,0.132,0.12,0.149,0.958,0.415,0.417,0.283,0.425,0.415,0.346,0.114,1.167,0.131,0.149,0.052,0.492,1.005,0.283,0.276,0.297,0.288,0.291,2.335,0.671,0.227,0.208,0.204,1.041,4.692,0.41,0.359,10.241,0.576,0.518,26.792,1.214,2.292,2.686,0.297,7.69,12.479,0,4.7,0.333,0.218,0.312,0.967,329.141,0.654
894,618.715,284.631,619.862,87.84,0,0.399,0.177,0,0,0.141,0.131,0.127,0.83,0,0.121,0.245,0.134,0.152,0,0.131,0.128,0.542,0.946,0.318,0.116,0.424,0.515,0.125,0.174,0.143,0.337,0,0.153,0.184,0.289,0.329,0.234,0.888,1.152,0.411,0.361,1.212,1.359,0.76,0.23,0.072,0.507,0.899,1.043,0.388,0.263,0.299,0.612,0.465,0.115,0.167,0.171,0.326,0.37,0.246,0.142,0.643,0.228,0.207,0.171,0.528,0.359,0.448,0.26,1.245,1.251,1.133,1.275,0.152,0.115,0.456,0.324,0.394,0.478,0.104,0.16,0.259,1.133,1.242,0.955,0.864,0.872,0.478,0.19,1.02,0.831,0.92,0.35,5.367,1.229,0.12,0.84,0.245,0.389,1.102,0.15,0.382,0.481,1.124,3.648,0.695,4.7,0,1.518,0.801,1.29,9.457,5.281,4.363
895,128.22,271.89,134.355,83.295,0,0.3,0.14,0,0,0.1,0.1,0.1,0.6,0,0.1,0.2,0.1,0.1,0,0.1,0.11,0.4,0.7,0.2,0.1,0.3,0.4,0.12,0.17,0.1,0.3,0,0.15,0.2,0.25,0.23,0.2,0.7,0.8,0.29,0.29,0.8,0.9,0.62,0.21,0.018,0.41,0.7,0.81,0.3,0.2,0.2,0.57,0.31,0.1,0.13,0.13,0.3,0.4,0.3,0.12,0.7,0.2,0.2,0.2,0.4,0.3,0.29,0.19,0.9,0.9,0.8,0.9,0.11,0.1,0.4,0.25,0.3,0.3,0.2,0.13,0.18,0.8,0.9,0.6,0.6,0.6,0.3,0.17,0.9,0.8,0.9,0.22,5.57,0.9,0.1,0.576,0.17,0.3,0.86,0.13,0.48,0.5,0.73,2.4,0.47,3.16,0,2.92,1.54,0.81,5.94,3.43,2.74
896,63.57,23.025,11.805,6.645,0,0.3,0.11,0,0,0.1,0.1,0.8,0.4,0,0.8,0.2,0.1,0.1,0,0,0.9,0.4,0.4,0.1,0.1,0.2,0.31,0.1,0.13,0.1,0.2,0,0.12,0.15,0.21,0.19,0.15,0.6,0.7,0.23,0.23,0.7,0.8,0.5,0.18,0.084,0.33,0.58,0.68,0.3,0.17,0.1,0.52,0.28,0.1,0.1,0.1,0.3,0.3,0.3,0.1,0.4,0.2,0.1,0.1,0.3,0.2,0.23,0.15,0.8,0.7,0.6,0.7,0.9,0.8,0.3,0.21,0.2,0.2,0.1,0.11,0.13,0.6,0.7,0.6,0.6,0.6,0.3,0.14,0.8,0.7,0.8,0.22,2.43,0.8,0.9,0.44,0.15,0.3,1.03,0.15,0.78,0.87,0.83,5.2,0.13,0.64,2.9,0,0.52,0.23,0.75,0.72,0.58
897,158.051,160.387,356.918,70.015,0,0.1,0.38,0,0,0,0,0.285,0.104,0,0.271,0.092,0,0,0,0,0.262,0.102,0.203,0.15,0,0.106,0.116,0.234,0.461,0,0.084,0,0.305,0.414,0.607,0.75,0.526,0.19,0.216,0.85,0.84,0.227,0.227,0.156,0.492,0.049,0.102,0.173,0.203,0.097,0.395,0,0.097,0.788,0,0.385,0.296,0.082,0.069,0.061,0.266,0.138,0.085,0,0.064,0.099,0.09,0.927,0.411,0.207,0.209,0.212,0.212,0.311,0.173,0.085,0.68,0.099,0.12,0.039,0.369,0.646,0.212,0.207,0.161,0.108,0.109,0.209,0.335,0.17,0.156,0.153,0.481,4.336,0.205,0.18,2.303,0.324,0,0.106,0.173,0.239,0.289,0.115,0.205,22.178,0.234,0.967,0.09,22.503,0,39.299,63.22,46.045
898,363.002,137.706,691.613,530.692,0,0.299,1.993,0,0,0.316,0.294,1.141,0.622,0,1.086,0.275,0.302,0.342,0,0,1.049,0.61,0.913,0.358,0,0.318,0.55,1.402,1.843,0,0.253,0,1.603,1.861,0.286,0.321,2.365,0.571,0.972,0.382,0.364,1.023,1.02,0.772,2.213,0.043,0.501,0.867,1.014,0.291,2.37,0.337,0.531,0.405,0.26,2.023,1.774,0.49,0.416,0.184,1.596,0.62,0.256,0.233,0.192,0.594,0.269,0.452,2.464,0.934,1.251,0.956,0.956,1.245,1.039,0.513,0.321,0.296,0.358,0.117,1.66,2.909,0.956,0.931,0.716,0.648,0.654,0.358,1.76,0.765,0.701,0.69,2.866,16.281,0.922,0.808,5.736,2.269,0.292,0.808,1.04,0.233,0.282,0.831,1.984,0.665,2.175,21.279,0.878,0.819,117.896,0,208.367,202.082
899,117.688,145.181,578.635,360.234,0,0.199,0.104,0,0,0.105,0.098,0.666,0.311,0,0.724,0.183,0.101,0.114,0,0,0.7,0.305,0.406,0.115,0.087,0.212,0.28,0.701,0.084,0.107,0.169,0,0.084,0.09,0.147,0.161,0.123,0.38,0.648,0.191,0.187,0.682,0.68,0.377,0.107,0.098,0.241,0.424,0.492,0.194,0.109,0.112,0.241,0.191,0.087,0.096,0.887,0.163,0.208,0.123,0.798,0.276,0.171,0.078,0.064,0.297,0.18,0.219,0.123,0.622,0.73,0.637,0.637,0.726,0.606,0.256,0.165,0.197,0.231,0.039,0.83,0.14,0.637,0.621,0.346,0.324,0.327,0.231,0.084,0.34,0.312,0.46,0.115,11.786,0.614,0.359,5.345,0.972,25.022,0.308,36.512,0.078,0.094,0.335,0.616,2.329,246.856,3.961,0.281,1.638,63.22,69.456,0,93.196
900,252.47,280.364,219.926,116.594,0,0.266,1.139,0,0,0.141,0.131,0.761,0.415,0,0.845,0.122,0.134,0.152,0,0,0.816,0.271,0.406,0.159,0.116,0.141,0.296,0.831,0.102,0.143,0.112,0,0.916,0.101,0.162,0.186,0.128,0.38,0.576,0.198,0.212,0.606,0.604,0.404,0.12,0.191,0.26,0.462,0.541,0.129,1.185,0.15,0.258,0.21,0.115,1.028,1.051,0.218,0.185,0.164,0.828,0.276,0.114,0.104,0.086,0.264,0.12,0.232,0.137,0.553,0.834,0.567,0.567,0.83,0.692,0.342,0.168,0.131,0.318,0.052,0.984,0.158,0.567,0.552,0.318,0.288,0.291,0.159,0.894,0.453,0.312,0.409,1.433,12.063,0.546,0.359,2.941,1.008,0.13,0.333,0.347,0.088,0.106,0.354,0.669,0.976,0.654,4.363,0.302,1.009,61.394,89.814,124.262,0
